/*
SQLyog Community v13.1.6 (64 bit)
MySQL - 5.7.10-log : Database - kjwl
*********************************************************************
*/

/*!40101 SET NAMES utf8 */;

/*!40101 SET SQL_MODE=''*/;

/*!40014 SET @OLD_UNIQUE_CHECKS=@@UNIQUE_CHECKS, UNIQUE_CHECKS=0 */;
/*!40014 SET @OLD_FOREIGN_KEY_CHECKS=@@FOREIGN_KEY_CHECKS, FOREIGN_KEY_CHECKS=0 */;
/*!40101 SET @OLD_SQL_MODE=@@SQL_MODE, SQL_MODE='NO_AUTO_VALUE_ON_ZERO' */;
/*!40111 SET @OLD_SQL_NOTES=@@SQL_NOTES, SQL_NOTES=0 */;
CREATE DATABASE /*!32312 IF NOT EXISTS*/`kjwl` /*!40100 DEFAULT CHARACTER SET utf8 */;

USE `kjwl`;

/*Table structure for table `imgtest` */

DROP TABLE IF EXISTS `imgtest`;

CREATE TABLE `imgtest` (
  `id` int(2) NOT NULL AUTO_INCREMENT,
  `url` varchar(100) DEFAULT NULL,
  PRIMARY KEY (`id`)
) ENGINE=InnoDB AUTO_INCREMENT=3 DEFAULT CHARSET=utf8;

/*Data for the table `imgtest` */

insert  into `imgtest`(`id`,`url`) values 
(1,'http://localhost:8000/upload_faa9af4fdfc29bb49cdd5f06677f50fa.png'),
(2,'http://localhost:8000/upload_f33bf729c9bf02c1a945a9e49452d493.png');

/*Table structure for table `kjwl_pc_basic_enterprise` */

DROP TABLE IF EXISTS `kjwl_pc_basic_enterprise`;

CREATE TABLE `kjwl_pc_basic_enterprise` (
  `kjwl_e_id` int(3) NOT NULL AUTO_INCREMENT,
  `kjwl_e_portrait` varchar(70) DEFAULT NULL,
  `kjwl_e_name` varchar(50) DEFAULT NULL,
  `kjwl_p_id` int(3) DEFAULT NULL,
  `kjwl_e_lrpeople` varchar(20) DEFAULT NULL,
  `kjwl_e_setdate` varchar(30) DEFAULT NULL,
  `kjwl_e_regcapital` varchar(20) DEFAULT NULL,
  `kjwl_e_phone` varchar(15) DEFAULT NULL,
  `kjwl_e_website` varchar(100) DEFAULT NULL,
  `kjwl_e_email` varchar(50) DEFAULT NULL,
  `kjwl_e_address` varchar(50) DEFAULT NULL,
  `qyss_e_labelName` longtext,
  `qyss_e_labelPath` longtext,
  `kjwl_e_status` int(2) DEFAULT '1',
  `kjwl_e_datetime` timestamp NOT NULL DEFAULT CURRENT_TIMESTAMP ON UPDATE CURRENT_TIMESTAMP,
  PRIMARY KEY (`kjwl_e_id`)
) ENGINE=InnoDB AUTO_INCREMENT=35 DEFAULT CHARSET=utf8;

/*Data for the table `kjwl_pc_basic_enterprise` */

insert  into `kjwl_pc_basic_enterprise`(`kjwl_e_id`,`kjwl_e_portrait`,`kjwl_e_name`,`kjwl_p_id`,`kjwl_e_lrpeople`,`kjwl_e_setdate`,`kjwl_e_regcapital`,`kjwl_e_phone`,`kjwl_e_website`,`kjwl_e_email`,`kjwl_e_address`,`qyss_e_labelName`,`qyss_e_labelPath`,`kjwl_e_status`,`kjwl_e_datetime`) values 
(1,'http://localhost:8000/upload_731ab56467329c4402d7aad58641e0ec.png','公司名称',NULL,'法定代表人','2021-08-25','10','012-3456789','www.123.com','123@qq.com','地址',NULL,NULL,0,'2021-11-25 10:13:57'),
(2,'http://localhost:8000/暂无图片(2).png','为空测试',NULL,'-','-','-','-','-','-','-',NULL,NULL,0,'2021-11-25 10:13:58'),
(3,'http://localhost:8000/暂无图片(2).png','456',NULL,'789','2021-08-25','10','013-2456789','www.xxx','465@123.com','sdfgf ',NULL,NULL,0,'2021-11-25 10:13:59'),
(4,'http://localhost:8000/暂无图片(2).png','456',NULL,'789','2021-08-25','10','013-2456789','www.xxx','465@123.com','sdfgf ',NULL,NULL,0,'2021-11-25 10:14:00'),
(5,'http://localhost:8000/暂无图片(2).png','456',NULL,'789','2021-08-25','10','013-2456789','www.xxx','465@123.com','sdfgf ',NULL,NULL,0,'2021-11-25 10:14:00'),
(6,'http://localhost:8000/暂无图片(2).png','456',NULL,'789','2021-08-25','10','013-2456789','www.xxx','465@123.com','sdfgf ',NULL,NULL,0,'2021-11-25 10:14:01'),
(7,'http://localhost:8000/暂无图片(2).png','456',NULL,'789','2021-08-25','10','013-2456789','www.xxx','465@123.com','sdfgf ',NULL,NULL,0,'2021-11-25 10:14:01'),
(8,'http://localhost:8000/暂无图片(2).png','456',NULL,'789','2021-08-25','10','013-2456789','www.xxx','465@123.com','sdfgf ',NULL,NULL,0,'2021-11-25 10:14:02'),
(9,'http://localhost:8000/暂无图片(2).png','456',NULL,'789','2021-08-25','10','013-2456789','www.xxx','465@123.com','sdfgf ',NULL,NULL,0,'2021-11-25 10:14:02'),
(10,'http://localhost:8000/upload_9be95c1d9321e13a8e166b0c0d17f119.png','456',NULL,'789','2021-08-25','10','012-3456789','-','465@123.com','sdfgf ',NULL,NULL,0,'2021-11-25 10:14:03'),
(11,'http://localhost:8000/暂无图片(2).png','mingc',NULL,'fadingdaibiaoren','2021-08-25','11','014-2356789','http://hjk.com','hj@bn.com','dihzi',NULL,NULL,0,'2021-11-25 10:14:04'),
(12,'http://localhost:8000/upload_0289abfde8c4f5e4716ce012982572a3.png','公司名称',NULL,'法定代表人','2021-08-25','12','13245678901','www.cc.com','cc@cc.com','地址',NULL,NULL,0,'2021-11-25 10:14:04'),
(13,'http://localhost:8000/upload_0289abfde8c4f5e4716ce012982572a3.png','公司名称',NULL,'法定代表人','2021-08-25','12','13245678901','www.cc.com','cc@cc.com','地址',NULL,NULL,0,'2021-11-25 10:14:05'),
(14,'http://localhost:8000/upload_0289abfde8c4f5e4716ce012982572a3.png','公司名称',NULL,'法定代表人','2021-08-25','12','13245678901','www.cc.com','cc@cc.com','地址',NULL,NULL,0,'2021-11-25 10:14:05'),
(15,'http://localhost:8000/upload_0289abfde8c4f5e4716ce012982572a3.png','公司名称',NULL,'法定代表人','2021-08-25','12','13245678901','www.cc.com','cc@cc.com','地址',NULL,NULL,0,'2021-11-25 10:14:06'),
(16,'http://localhost:8000/upload_184e00aad4f9bcb87bf1917cba2180e2.png','联动测试1',NULL,'-','-','-','-','-','-','-',NULL,NULL,0,'2021-11-16 20:53:54'),
(17,'http://localhost:8000/暂无图片(2).png','联动测试2',NULL,'-','-','-','-','-','-','-',NULL,NULL,0,'2021-11-25 10:14:08'),
(18,'http://localhost:8000/暂无图片(2).png','联调测试3',NULL,'-','-','-','-','-','-','-',NULL,NULL,0,'2021-11-16 20:53:59'),
(19,'http://localhost:8000/暂无图片(2).png','联调测试3',NULL,'-','-','-','-','-','-','-',NULL,NULL,0,'2021-11-25 10:14:11'),
(20,'http://localhost:8000/暂无图片(2).png','联调为空测试1',NULL,'-','-','-','-','-','-','-',NULL,NULL,0,'2021-11-25 10:14:11'),
(21,'http://localhost:8000/暂无图片(2).png','标签测试1',NULL,'-','-','-','-','-','-','-',NULL,NULL,0,'2021-11-25 10:14:12'),
(22,'http://localhost:8000/upload_d68fc4090ecc3d2f070935766bc3850a.png','详情测试1【宝鸡有一群怀揣着梦想的少年相信在牛大叔的带领下会创造生命的奇迹网络科技有限公司】',NULL,'请输入法定代表人','2021-08-27','100','012-3456789','http://www.thelongestdomainnameintheworldandthensomeandthensomemoreandmore.com/','1234997805@qq.com','宝鸡有一群怀揣着梦想的少年相信在牛大叔的带领下会创造生命的奇迹网络科技有限公司','null','null',0,'2021-11-25 10:14:12'),
(23,'http://localhost:8000/upload_9c77e08ae2568ccb366a4a770f81cf53.png','测试新改的标签类型',NULL,'测试新改的标签类型的法定代表人','2021-11-15','10','15514789632','103.com','123@11.com','测试新改的标签类型的地址',NULL,NULL,0,'2021-11-15 14:22:04'),
(24,'http://localhost:8000/upload_9a02c479f58c9c764f6d9e77b1f03dc7.png','测试新改的标签类型',NULL,'测试新改的标签类型的发定代表人','2021-11-15','10','15514789632','123.com','123@11.com','测试新改的标签类型的地址','[{\"value\":39,\"label\":\"饮料/乳液\"},{\"value\":46,\"label\":\"房产策划/经营/开发\"},{\"value\":47,\"label\":\"物业管理\"}]','[[3,16,39],[4,20,46],[4,20,47]]',0,'2022-02-20 13:46:51'),
(25,'http://localhost:8000/upload_9b9c80c87bd34e291fcd7f838bf82989.png','新改的标签为空测试',NULL,'新改的标签为空测试的法定代表人','2021-11-15','10','15514789632','123.com','123@11.com','新改的标签为空测试的地址','[{\"value\":7,\"label\":\"林业\"},{\"value\":9,\"label\":\"渔业\"},{\"value\":55,\"label\":\"电信运营商/通信服务提供商\"},{\"value\":56,\"label\":\"固话/手机/相关配件\"}]','[[1,7],[1,9],[5,26,55],[5,26,56]]',0,'2022-02-20 13:46:47'),
(26,'http://localhost:8000/暂无图片(2).png','测试标签',NULL,'法定代表人','2021-11-16','10','15547896321','123.com','132@11.com','地址','[{\"value\":6,\"label\":\"农业\"},{\"value\":7,\"label\":\"林业\"},{\"value\":8,\"label\":\"畜牧业\"},{\"value\":27,\"label\":\"植物油\"}]','[[1,6],[1,7],[1,8],[3,14,27]]',0,'2022-02-20 13:46:46'),
(27,'http://localhost:8000/upload_8f5fd2ad202084c2d1835f7cc444d458.png','第一次正式测试',NULL,'第一次正式测试的法定代表人','2021-11-16','10','15514789632','123.com','123@11.com','第一次正式测试的地址','[{\"value\":10,\"label\":\"彩电/冰箱/空调\"},{\"value\":11,\"label\":\"厨卫家电\"},{\"value\":13,\"label\":\"家电销售/维修\"}]','[[2,10],[2,11],[2,13]]',0,'2022-02-20 13:46:46'),
(28,'http://localhost:8000/upload_1af392a1edf38fedfd32d2d8cc3bb26d.png','第二次新增测试',NULL,'第二次新增测试的法定代表人','2021-11-25','10','15547896321','133.com','013@11.com','第二次新增测试de地址','[{\"value\":10,\"label\":\"彩电/冰箱/空调\"},{\"value\":11,\"label\":\"厨卫家电\"},{\"value\":12,\"label\":\"影音家电\"}]','[[2,10],[2,11],[2,12]]',0,'2022-02-20 13:46:45'),
(29,'http://localhost:8000/暂无图片(2).png','为空测试',NULL,'-','-','-','-','-','-','-','[]','[]',0,'2022-02-20 13:46:44'),
(30,'http://localhost:8000/暂无图片(2).png','ceshi新改的法定代表人',23,'第一次人物测试','-','-','-','-','-','-','[]','[]',0,'2022-02-20 13:46:43'),
(31,'http://localhost:8000/upload_adc540602aacf5a7a0cbcd03e9282ae6.jpg','三只松鼠股份有限公司',NULL,'章燎源','2012-02-16','40100','0553-8783333','http://www.3songshu.com','c_sqj@3songshu.com','安徽省芜湖市弋江区芜湖高新技术产业开发区久盛路8号','[{\"value\":31,\"label\":\"糕点、面包\"},{\"value\":32,\"label\":\"饼干及其他焙烤食品\"},{\"value\":33,\"label\":\"糖果巧克力及蜜饯\"}]','[[3,15,31],[3,15,32],[3,15,33]]',1,'2022-02-22 11:54:53'),
(32,'http://localhost:8000/upload_357f0569acc8d8c5f8d8d47c9c3be2cc.jpg','华为技术有限公司',27,'赵明路','1987-09-15','4044113.182','0755-28780808','http://www.huawei.com/cn','liulinjun@huawei.com','深圳市龙岗区坂田华为总部办公楼','[{\"value\":50,\"label\":\"电脑/笔记本/服务器\"},{\"value\":52,\"label\":\"电子商务/互联网信息服务\"},{\"value\":53,\"label\":\"计算机系统/网络系统工程\"},{\"value\":54,\"label\":\"软件/系统集成\"},{\"value\":56,\"label\":\"固话/手机/相关配件\"}]','[[5,24,50],[5,24,52],[5,24,53],[5,25,54],[5,26,56]]',1,'2022-02-21 11:40:21'),
(33,'http://localhost:8000/upload_7f88d522092791ab694233b615368928.jpg','荣耀终端有限公司',NULL,'万飚','2020-04-01','3223894.756749','13926537679','https://www.hihonor.com','wangjin12@hihonor.com','深圳市福田区香蜜湖街道东海社区红荔西路8089号深业中城6号楼A单元3401','[{\"value\":54,\"label\":\"软件/系统集成\"},{\"value\":56,\"label\":\"固话/手机/相关配件\"}]','[[5,25,54],[5,26,56]]',1,'2022-02-23 11:42:04'),
(34,'http://localhost:8000/upload_55fc78502d736d7826d954210820561a.jpg','珠海格力电器股份有限公司',31,'董明珠','1989-12-13','601573.0878','0756-8614883','www.gree.com.cn','greenews@cn.gree.com','珠海横琴新区汇通三路108号办公608','[{\"value\":10,\"label\":\"彩电/冰箱/空调\"},{\"value\":11,\"label\":\"厨卫家电\"},{\"value\":12,\"label\":\"影音家电\"},{\"value\":13,\"label\":\"家电销售/维修\"}]','[[2,10],[2,11],[2,12],[2,13]]',1,'2022-03-11 15:16:03');

/*Table structure for table `kjwl_pc_basic_news` */

DROP TABLE IF EXISTS `kjwl_pc_basic_news`;

CREATE TABLE `kjwl_pc_basic_news` (
  `kjwl_n_id` int(10) NOT NULL AUTO_INCREMENT,
  `kjwl_n_name` varchar(100) DEFAULT NULL,
  `kjwl_n_source` varchar(100) DEFAULT NULL,
  `kjwl_n_rdatetime` varchar(30) DEFAULT NULL,
  `kjwl_n_click` int(10) DEFAULT '0',
  `kjwl_n_url` varchar(100) DEFAULT NULL,
  `kjwl_n_mbody` varchar(30) DEFAULT NULL,
  `kjwl_n_content` longtext,
  `qyss_n_positive` int(2) DEFAULT '0',
  `qyss_n_labelName` longtext,
  `qyss_n_labelPath` longtext,
  `kjwl_n_status` int(2) DEFAULT '1',
  `kjwl_n_datetime` timestamp NOT NULL DEFAULT CURRENT_TIMESTAMP ON UPDATE CURRENT_TIMESTAMP,
  PRIMARY KEY (`kjwl_n_id`)
) ENGINE=InnoDB AUTO_INCREMENT=44 DEFAULT CHARSET=utf8;

/*Data for the table `kjwl_pc_basic_news` */

insert  into `kjwl_pc_basic_news`(`kjwl_n_id`,`kjwl_n_name`,`kjwl_n_source`,`kjwl_n_rdatetime`,`kjwl_n_click`,`kjwl_n_url`,`kjwl_n_mbody`,`kjwl_n_content`,`qyss_n_positive`,`qyss_n_labelName`,`qyss_n_labelPath`,`kjwl_n_status`,`kjwl_n_datetime`) values 
(1,'123','456','2021-08-19 10:21:14',NULL,'789',NULL,'\"<p>123465789新闻内容</p>\"',0,NULL,NULL,0,'2021-10-09 14:52:19'),
(2,'模拟新闻标题','模拟新闻来源','2021-08-19 10:23:44',NULL,'模拟新闻链接',NULL,'\"<p>123465789新闻内容</p>\"',1,NULL,NULL,0,'2021-11-25 10:14:38'),
(3,'模拟新闻标题3','模拟新闻来源3','2021-08-19 10:25:43',NULL,'模拟新闻链接3',NULL,'\"<p>当地时间8月19日，阿富汗塔利班发言人扎比胡拉·穆贾希德在社交网站发表声明，在阿富汗脱离英国统治、独立102周年纪念日之际，<a href=\\\"https://s.weibo.com/weibo?q=%23%E5%A1%94%E5%88%A9%E7%8F%AD%E5%AE%A3%E5%B8%83%E6%88%90%E7%AB%8B%E9%98%BF%E5%AF%8C%E6%B1%97%E4%BC%8A%E6%96%AF%E5%85%B0%E9%85%8B%E9%95%BF%E5%9B%BD%23\\\" target=\\\"_blank\\\">#塔利班宣布成立阿富汗伊斯兰酋长国#</a>。<br/><br/>当地时间8月17日，接管首都喀布尔的第三天，阿富汗塔利班举行了首场新闻发布会。塔利班发言人扎比胡拉·穆贾希德表示：“在解放全国后，我们对任何人都没有敌视政策，我们大赦所有组织的反对者，因为我们不再想要战争。”<br/><br/>在这场备受瞩目的发布会上，穆贾希德回应了众多阿富汗民众和国际社会关注的问题，并作出了一系列承诺，包括保障女性权益、建立包容性政府、不对其他国家构成威胁等。他表示，“阿富汗是一个穆斯林国家，不管是20年前还是现在”，但考虑到一路走来的经验，“我们和20年前相比有了巨大的变化”。<br/><br/>塔利班入主喀布尔后，将打造一个怎样的政权？对于饱受战争苦难的阿富汗人民，迎来的将是怎样的命运？南方+记者连线多位专家进行解读。<br/><br/><img src=\\\"https://img.t.sinajs.cn/t4/appstyle/expression/ext/normal/76/hot_star171109_org.png\\\" alt=\\\"[星星]\\\"/>建立包容性政府？仍存不确定性<br/>在塔利班宣布胜利之际，许多阿富汗人想方设法逃离这个国家。据央视新闻报道，目前喀布尔街头商店行人稀少，大部分民众倾向于待在家中，街上到处是塔利班设立的检查站并主动去询问民众的担忧。而喀布尔机场的情况仍然混乱，众多阿富汗民众和外国人争相逃离阿富汗。<br/><br/>阿富汗民众的恐慌来源于20年前。<br/><br/>1996年9月，塔利班攻占喀布尔，宣布成立“阿富汗伊斯兰酋长国”，在阿富汗实行了严酷统治，人们生活的方方面面充满禁忌：妇女被重重纱布包裹，只准露出两只眼睛，不得参加任何社会活动或受教育；男人不得剃胡子或留“美国式”发型；旅馆、饭店除宗教歌曲外，其他音乐一律不得播放……<br/><br/>20年后重掌政权，塔利班迫切想证明自己的改变。塔利班发言人沙欣曾表示，塔利班将组建一个“包容性的阿富汗政府”。穆贾希德在谈到组建政府的问题时也表示，塔利班将“组建一个有各方参与的‘伊斯兰政府’”，对于法律等问题的制定则需要等新政府成立后再具体商榷。<br/><br/>对于这一承诺，兰州大学阿富汗研究中心主任朱永彪教授表示，其实现的可能性是很大的。实际上，建立包容性政府不仅是塔利班的诉求，也是其他政治派别的共同诉求，同时也是国际社会对阿富汗新政府的希望，但是这种包容性具体能够执行到什么程度仍存较大不确定性。<br/><br/>“需要注意的是，塔利班所谓的包容性政府，前提是以遵循伊斯兰教法为基础的。”西北大学中东研究所副教授王晋提醒，在传统伊斯兰政治理念里，伊斯兰本身具有包容性，但这种包容性和现代政治制度倡导的民主、开放、男女平等等包容性理念并不相同，是遵循伊斯兰教法的基础上实施的一种社会治理。<br/><br/><img src=\\\"https://img.t.sinajs.cn/t4/appstyle/expression/ext/normal/76/hot_star171109_org.png\\\" alt=\\\"[星星]\\\"/>允许女性工作和学习？在伊斯兰范围内<br/>一直以来，阿富汗的妇女权益问题备受关注。自1996年塔利班占领喀布尔并掌权的5年间，阿富汗妇女在法律上被拒之于学校大门之外，无法外出工作，全身需要罩在连帽长袍中……<br/><br/>因此，20年后，塔利班再次进入喀布尔，许多阿富汗女性表达了对未来的担忧。对此，塔利班正试图将自身塑造成更加温和的形象，穆贾希德称，未来将允许女性在新的框架下工作和学习。<br/><br/>据环球网报道，塔利班在首场记者会承诺：“妇女将享有一切权利，无论是在工作还是其他活动中，我们保证妇女在伊斯兰范围内的所有权利。”塔利班表示已经准备好“为妇女提供工作和学习的环境”，但对于实际操作中如何保障女性权利，穆贾希德并未做出解释。<br/><br/>塔利班能否兑现这个承诺？或者只是塔利班掌权的权衡之计？<br/><br/>在朱永彪教授看来，在保障妇女权利上，塔利班确实表现出比以往更进步的态度，但其核心没有改变。因此，保障妇女权利具体能履行到什么程度，是否会出现反复和反弹，仍然具有很大的不确定性。<br/><br/>王晋表示，与20年前相比，塔利班主动提出允许妇女工作和学习，这是一个好的开始。但未来是否能真正推行，地方的军政领袖在实践中能否遵循等都存在问题。另外一个层面，塔利班所强调的学习，是指现代化知识还是学习宗教规则和知识、允许妇女参加的工作定义是什么，也需要进一步观察。<br/><br/>王晋解释，在一些相对保守的国家，女性也可以工作和学习，但是工作和学习限定在某些特定领域，并不是像外界所理解或期待的女性可以自由工作、自由学习。“我认为，塔利班在妇女问题上进步的幅度是在一定范围的。”<br/><br/><img src=\\\"https://img.t.sinajs.cn/t4/appstyle/expression/ext/normal/76/hot_star171109_org.png\\\" alt=\\\"[星星]\\\"/>守江山难：未来仍需获得国际和民众认可<br/><br/>“打江山易，守江山难”。对于长期处于战乱局面的阿富汗来说，塔利班能否坐稳江山，带领阿富汗人民走向和平与发展，仍面临不少威胁，其中，如何获得国际和其他国家对其政权的认可，是塔利班掌权必须面临的问题。<br/><br/>阿富汗是否还会成为恐怖主义滋生的温床，进而威胁到其他国家的安全？事实上，塔利班基本控制阿富汗全国后，各国政府人士以及国际社会对阿富汗未来的发展表示担忧。<br/><br/>据央视网报道，穆贾希德表示：“我们向包括美国在内的全世界做出保证，阿富汗绝对不会对包括地区邻国在内的其他国家构成威胁，我们保证绝不允许任何势力利用阿富汗领土做危害邻国等其他任何国家的事情。”<br/><br/>在朱永彪教授看来，塔利班主导组建的新政府能否获得其他国家的认可，还要看其所承诺的组建包容性政府、妇女权利保障、与恐怖主义的联系、禁止毒品生产等承诺是否能够兑现以及兑现的程度。<br/><br/>王晋则认为，总体上看，阿富汗塔利班展现出一个比较积极的状态，他们希望和外界接触，但这种接触必然会带来很多困难，其奉行伊斯兰经典政治理念并以此指导其政治实践，与西方国家一贯强调的人权、民主、妇女保护、少数民族保护等理念存在根本上的分歧，未来双方的冲突难以避免。<br/><br/>对于阿富汗国内，塔利班主导组建的新政府如何调和国内的矛盾，赢得民众信任、获得民众认同，也是不可回避的一大难题。<br/><br/>朱永彪认为，塔利班要想获得民众认同，首先需要改良自己、去“极端化”；其次是要‍‍保障民生，发展经济，提供更多工作岗位；还需要发展公益性事业，提供一个更安全的社会发展环境。<br/><br/>王晋则认为，阿富汗无论哪方掌权，都是阿富汗民众的意愿和民心所决定的，是阿富汗人民的选择，国际社会也都尊重这样的选择。阿富汗塔利班未来会面临很多挑战，但相信其能够把这些挑战都处理好。<br/></p>\"',0,NULL,NULL,0,'2021-11-25 10:14:39'),
(4,'123','46','2021-08-19 10:27:40',NULL,'79',NULL,'\"<p>123465789新闻内容</p>\"',1,NULL,NULL,0,'2021-11-25 10:14:39'),
(9,'123','456','2021-08-19 10:47:12',NULL,'789',NULL,'\"<p>123465789新闻内容</p>\"',1,NULL,NULL,0,'2021-08-20 14:34:48'),
(10,'标题','来源','2021-08-19 11:02:34',NULL,'链接',NULL,'\"<p>123465789新闻内容</p>\"',1,NULL,NULL,0,'2021-11-25 10:14:40'),
(11,'798','456','2021-08-19 11:04:48',NULL,'132',NULL,'\"<p>123465789新闻内容</p>\"',1,NULL,NULL,0,'2021-11-25 10:14:40'),
(12,'夺','矿','2021-08-19 11:06:29',NULL,'战',NULL,'\"<p>123465789新闻内容</p>\"',1,NULL,NULL,0,'2021-11-25 10:14:40'),
(13,'竞','技','2021-08-19 11:10:27',NULL,'场',NULL,'\"<p>123465789新闻内容</p>\"',1,NULL,NULL,0,'2021-11-25 10:14:40'),
(14,'荣耀黄金','荣耀','2021-08-19 11:12:27',NULL,'黄金',NULL,'\"<p>123465789新闻内容</p>\"',1,NULL,NULL,0,'2021-11-25 10:14:40'),
(15,'23','1','2021-08-19 17:05:27',NULL,'123',NULL,'\"<p>79541568454564512</p>\"',1,NULL,NULL,0,'2021-11-25 10:14:41'),
(16,'这是新闻标题','这是新闻来源','2021-08-19 17:30:32',NULL,'这是新闻链接',NULL,'\"<p>这是新闻正文</p>\"',1,NULL,NULL,0,'2021-11-25 10:14:41'),
(17,'标题','来源','2021-08-19 17:33:25',NULL,'链接',NULL,'\"<p>正文489646165465+1632145</p>\"',1,NULL,NULL,0,'2021-11-25 10:14:41'),
(18,'新闻1的标题(改)','新闻1的来源(改)','2021-08-20 09:36:43',NULL,'新闻1的链接(改)',NULL,'\"<p>新闻1的正文（改）</p>\"',1,NULL,NULL,0,'2021-11-25 10:14:41'),
(19,'新闻2的标题','新闻2的来源','2021-08-20 09:39:22',NULL,'新闻2的链接',NULL,'\"<p>新闻2的正文</p>\"',1,NULL,NULL,0,'2021-11-25 10:14:42'),
(20,'新闻3的标题','新闻3的来源','2021-08-20 09:40:33',NULL,'新闻3的链接',NULL,'\"<p>新闻3的正文</p>\"',1,NULL,NULL,0,'2021-11-25 10:14:42'),
(21,'新闻4的标题','新闻4的来源','2021-08-20 09:41:37',NULL,'新闻4的链接',NULL,'\"<p>新闻4的正文</p>\"',1,NULL,NULL,0,'2021-11-25 10:14:42'),
(22,'新闻5的标题','新闻5的来源','2021-08-20 09:42:37',NULL,'新闻5的链接',NULL,'\"<p>新闻5的正文</p>\"',1,NULL,NULL,0,'2021-11-25 10:14:48'),
(23,'456','465','2021-08-23 11:55:14',NULL,'13',NULL,'\"<p>465</p>\"',1,NULL,NULL,0,'2021-11-25 10:14:48'),
(24,'j','k','2021-08-23 00:00:00',NULL,'k',NULL,'\"\"',1,NULL,NULL,0,'2021-11-25 10:14:48'),
(25,'为空测试','-','-',NULL,'-',NULL,'\"<p>为空测试</p>\"',1,NULL,NULL,0,'2021-11-25 10:14:48'),
(26,'联动测试1','-','-',NULL,'-',NULL,'\"<p>联动测试1<br/></p>\"',1,NULL,NULL,0,'2021-11-16 20:59:35'),
(27,'联动测试2','-','-',NULL,'-',NULL,'\"<p>联动测试2<br/></p>\"',1,NULL,NULL,0,'2021-11-16 20:59:33'),
(28,'联调内容测试1','-','-',NULL,'-',NULL,'\"<p></p><p>联调内容测试1</p>\"',1,NULL,NULL,0,'2021-11-14 16:56:08'),
(29,'宝鸡有一群怀揣着梦想的少年相信在牛大叔的带领下会创造生命的奇迹网络科技有限公司','宝鸡有一群怀揣着梦想的少年相信在牛大叔的带领下会创造生命的奇迹网络科技有限公司','2021-08-30 00:00:00',NULL,'宝鸡有一群怀揣着梦想的少年相信在牛大叔的带领下会创造生命的奇迹网络科技有限公司',NULL,'\"<p>宝鸡有一群怀揣着梦想的少年相信在牛大叔的带领下会创造生命的奇迹网络科技有限公司<br/></p>\"',1,NULL,NULL,0,'2021-11-25 10:14:53'),
(30,'状态测试','123','2021-10-09 15:24:48',NULL,'456',NULL,'\"<p>123456789</p>\"',0,NULL,NULL,0,'2021-11-25 10:14:57'),
(31,'测试新改的标签','测试新改的标签的来源','2021-11-13 17:49:28',NULL,'测试新改的标签的链接','凤凰网','\"<p>测试新改的标签的内容</p>\"',1,'[{\"value\":39,\"label\":\"饮料/乳液\"},{\"value\":46,\"label\":\"房产策划/经营/开发\"},{\"value\":47,\"label\":\"物业管理\"}]','[[3,16,39],[4,20,46],[4,20,47]]',0,'2022-02-20 13:47:21'),
(32,'新改的标签为空测试','新改的标签为空测试的来源','2021-11-13 18:13:47',NULL,'新改的标签为空测试的链接','搜狐网','\"<p>新改的标签为空测试的内容</p>\"',1,'[{\"value\":7,\"label\":\"林业\"},{\"value\":55,\"label\":\"电信运营商/通信服务提供商\"},{\"value\":56,\"label\":\"固话/手机/相关配件\"}]','[[1,7],[5,26,55],[5,26,56]]',0,'2022-02-20 13:47:17'),
(33,'第一次新闻测试','第一次新闻测试的来源','2021-11-16 00:00:00',NULL,'第一次新闻测试的链接','经济财报','\"<p>第一次新闻测试的内容</p>\"',-1,'[{\"value\":50,\"label\":\"电脑/笔记本/服务器\"},{\"value\":51,\"label\":\"计算机维护/维修/数据恢复\"},{\"value\":53,\"label\":\"计算机系统/网络系统工程\"}]','[[5,24,50],[5,24,51],[5,24,53]]',0,'2022-02-20 13:47:16'),
(34,'第三次新闻测试','第三次新闻测试的来源','2021-11-26 14:19:34',NULL,'第三次新闻测试的链接','搜狐网','\"<p>第三次新闻测试的内容11111</p>\"',0,'[{\"value\":10,\"label\":\"彩电/冰箱/空调\"},{\"value\":11,\"label\":\"厨卫家电\"}]','[[2,10],[2,11]]',0,'2022-02-20 13:47:16'),
(35,'标签改动后第一次新建新闻尝试','标签改动后第一次新建新闻尝试来源','2021-12-14 15:57:01',NULL,'标签改动后第一次新建新闻尝试链接','头条看点','\"<p>标签改动后第一次新建新闻尝试内容</p>\"',1,'[{\"value\":6,\"label\":\"农业\"}]','[[1,6]]',0,'2022-02-20 13:47:15'),
(36,'新闻状态改动','来源','2022-02-18 09:39:45',NULL,'链接',NULL,'\"<p>内容</p>\"',1,'[{\"value\":39,\"label\":\"饮料/乳液\"}]','[[3,16,39]]',0,'2022-02-20 13:47:14'),
(37,'三只松鼠前辅材专家受贿180余万，涉及6家印刷包装厂','新浪财经','2022-02-19 00:00:00',1,'https://finance.sina.cn/2022-02-19/detail-ikyamrna1641183.d.html',NULL,'\"<p>继去年因前员工私自盗卖公司废纸箱而引起包装印刷行业广泛关注后，三只松鼠近日又曝出两起商业贿赂案，其中一起又与包装印刷行业有关：原三只松鼠股份有限公司产品中心经理、辅材专家张小祥非法收受多家印刷包装厂所送钱款，共计1885365.32元。 笔者从裁判文书网获悉，被告人张小祥，1992年3月8日出生于安徽省庐江县，是原三只松鼠股份有限公司产品中心经理、辅材专家，因涉嫌犯非国家工作人员受...<br/></p>\"',-1,'[{\"value\":31,\"label\":\"糕点、面包\"},{\"value\":32,\"label\":\"饼干及其他焙烤食品\"},{\"value\":33,\"label\":\"糖果巧克力及蜜饯\"}]','[[3,15,31],[3,15,32],[3,15,33]]',1,'2022-02-24 10:39:10'),
(38,'三只松鼠积极助力乡村振兴和共同富裕','百家号','2022-02-18 13:06:13',2,'https://baijiahao.baidu.com/s?id=1725086644644372308',NULL,'\"<p>三只松鼠作为土生土长的国民品牌，在近几年不断发展的过程中逐渐收获了属于自己的品牌粉丝，渐渐成长为国民坚果休闲零食行业的头部品牌。如今已经大获成功的三只松鼠始终不忘自身责任，不断积极奋起且勇于担当，持续投身乡村振兴与共同富裕等公益事业，而三只松鼠的公益努力也为其发展收获了更多的品牌好感度。 三只松鼠为更好地助力乡村振兴和共同富裕，于2020年联合地方政府共同打造的助...<br/></p>\"',1,'[{\"value\":31,\"label\":\"糕点、面包\"},{\"value\":32,\"label\":\"饼干及其他焙烤食品\"},{\"value\":33,\"label\":\"糖果巧克力及蜜饯\"}]','[[3,15,31],[3,15,32],[3,15,33]]',1,'2022-02-24 10:39:26'),
(39,'华为大众百亿并购绯闻背后：藏着任正非不造车的“秘密”','百家号','2022-02-20 13:31:04',1,'https://baijiahao.baidu.com/s?id=1725256754005665526',NULL,'\"<p>“那么，任正非这次又因何要将华为的部分业务摆上谈判桌？而与华为传出“绯闻”的一方为什么又是大众，不是丰田不是戴姆勒？为什么这条消息又恰恰在德国总统大选刚刚结束就被爆了出来？” 当捕风捉影的流量热度逐渐消退之后，也是时候翻开另外一面窥探深层格局。 柏林时间2022年2月17日上午11点，一个名为MichaelFreitag的博主在德国《经理人杂志》上发布了一则短...<br/></p>\"',0,'[{\"value\":52,\"label\":\"电子商务/互联网信息服务\"},{\"value\":53,\"label\":\"计算机系统/网络系统工程\"},{\"value\":54,\"label\":\"软件/系统集成\"}]','[[5,24,52],[5,24,53],[5,25,54]]',1,'2022-02-24 10:39:28'),
(40,'又一款新机即将上线？荣耀正式官宣！任正非的期望已经达成','百家号','2022-02-19 13:32:30',3,'https://baijiahao.baidu.com/s?id=1725201926205557963',NULL,'\"<p>说起荣耀手机，作为曾经华为旗下的子品牌，想必大家都不陌生，它在国内手机市场上也占据着不小的份额。 可是自从华为的芯片陷入困境之后，就迫不得已将荣耀打包出售了出去，所以如今的容颜已经成为了一个独立的手机厂商，不再被打上华为的标签。 起初，很多用户都觉得没有了华为的庇护，荣耀很难继续发展壮大了，甚至有可能逐渐走向没落。可事实证明，即便离开了华为，荣耀依旧保持着平稳...<br/></p>\"',1,'[{\"value\":54,\"label\":\"软件/系统集成\"},{\"value\":56,\"label\":\"固话/手机/相关配件\"}]','[[5,25,54],[5,26,56]]',1,'2022-02-24 10:38:53'),
(41,'把握“双碳”转型 格力零碳源技术助力园区“先立”',' 新浪','2022-03-11 09:04:00',8,'http://cj.sina.com.cn/articles/view/2375086267/8d90f0bb02001g9gn',NULL,'\"<p>在今年的全国两会上，如何在保障能源供给安全稳定的同时，实现减排过程中平稳过渡转型成为大家关注的焦点。从“先立和后破”的角度来看，对于制造业企业而言，通过发展低碳技术、低碳产业园，培育新型工业体系，实现区域平衡发展将成为“先立”的方式之一。 全国人大代表、格力电器董事长兼总裁董明珠表示，格力作为一家以创新驱动发展的制造业企业，在助推高质量发展的过程中紧扣“科技创新”“低碳发展”和“绿...</p>\"',1,'[{\"value\":91,\"label\":\"格力\"},{\"value\":92,\"label\":\"双碳\"},{\"value\":93,\"label\":\"全国人大代表\"},{\"value\":94,\"label\":\"用电\"}]','[[90,91],[90,92],[90,93],[90,94]]',1,'2022-03-11 15:28:36'),
(42,'针对格力手机，董明珠态度大转变，曾豪言三年PK小米做第一','搜狐财经','2022-03-11 08:22:00',9,'http://www.sohu.com/a/528806258_121253983',NULL,'\"<p>格力电器在总部珠海正式召开“2022年第一次临时股东会议”。会议上，董明珠当选格力电器的非独立董事以及任期3年的董事长。 这意味着现在已经68岁的董明珠，至少要在71岁的时候才能正式退休。不过，此次连任格力电器的董事长，对于有“铁娘子”之称的董明珠而言，有了更多的发展机会。 众所周知，格力电器在全球空调行业取得了相当不错的发展成绩，在过去的很长一段时间里都保持这全球市占率第一的宝座...</p>\"',0,'[{\"value\":91,\"label\":\"格力\"},{\"value\":95,\"label\":\"董明珠\"},{\"value\":96,\"label\":\"雷军\"},{\"value\":97,\"label\":\"小米\"},{\"value\":98,\"label\":\"手机\"}]','[[90,91],[90,95],[90,96],[90,97],[90,98]]',1,'2022-03-11 15:43:12'),
(43,'高瓴资本瑟瑟发抖？','企鹅号','2022-03-10 14:46:00',2,'https://new.qq.com/omn/20220310/20220310A00J9800',NULL,'\"<p>暴跌之下，股市难有完卵。 不管是普通散户还是所谓的机构大佬，在暴跌面前，时间不是玫瑰，而是一把悬在头上的达摩克利斯之剑。 今天就说说中国资本市场最著名的机构大佬 —— 高瓴资本和他最大的一笔投资，入股格力电器的惨事儿。 截至3月9日收盘，格力电器股价跌到了33.34元，这与2019年高瓴资本透过珠海明骏入股格力电器的价格 —— 46.17元已经相去甚远。 2019年高瓴资本入股格...</p>\"',-1,'[{\"value\":91,\"label\":\"格力\"},{\"value\":95,\"label\":\"董明珠\"},{\"value\":99,\"label\":\"股价下跌\"},{\"value\":100,\"label\":\"高瓴资本\"},{\"value\":101,\"label\":\"贷款\"}]','[[90,91],[90,95],[90,99],[90,100],[90,101]]',1,'2022-03-11 15:43:09');

/*Table structure for table `kjwl_pc_basic_person` */

DROP TABLE IF EXISTS `kjwl_pc_basic_person`;

CREATE TABLE `kjwl_pc_basic_person` (
  `kjwl_p_id` int(2) NOT NULL AUTO_INCREMENT,
  `kjwl_p_portrait` varchar(100) DEFAULT NULL,
  `kjwl_p_name` varchar(10) DEFAULT NULL,
  `kjwl_p_birthdate` varchar(30) DEFAULT NULL,
  `kjwl_p_position` varchar(50) DEFAULT NULL,
  `kjwl_p_enterprise` varchar(50) DEFAULT NULL,
  `kjwl_p_record` longtext,
  `qyss_p_labelName` longtext,
  `qyss_p_labelPath` longtext,
  `kjwl_p_status` int(2) DEFAULT '1',
  `kjwl_p_datetime` timestamp NOT NULL DEFAULT CURRENT_TIMESTAMP ON UPDATE CURRENT_TIMESTAMP,
  PRIMARY KEY (`kjwl_p_id`)
) ENGINE=InnoDB AUTO_INCREMENT=35 DEFAULT CHARSET=utf8;

/*Data for the table `kjwl_pc_basic_person` */

insert  into `kjwl_pc_basic_person`(`kjwl_p_id`,`kjwl_p_portrait`,`kjwl_p_name`,`kjwl_p_birthdate`,`kjwl_p_position`,`kjwl_p_enterprise`,`kjwl_p_record`,`qyss_p_labelName`,`qyss_p_labelPath`,`kjwl_p_status`,`kjwl_p_datetime`) values 
(1,'http://localhost:8000/人物(1).png','123','2021-08-23','12','789','[{\"rcontent\":\"456\"},{\"rcontent\":\"789\"}]',NULL,NULL,0,'2021-11-25 10:15:06'),
(2,'http://localhost:8000/人物(1).png','老板姓名','2021-08-23','职务','任职企业','[{\"rcontent\":\"任职履历1\"},{\"rcontent\":\"认知履历2\"},{\"rcontent\":\"任职履历3\"}]',NULL,NULL,0,'2021-11-25 10:15:07'),
(3,'http://localhost:8000/人物(1).png','大老板','2021-08-23','元帅','帝国','[{\"rcontent\":\"帝国中将\"},{\"rcontent\":\"帝国上将\"},{\"rcontent\":\"帝国元帅\"}]',NULL,NULL,0,'2021-11-25 10:15:07'),
(4,'http://localhost:8000/upload_9a43044d732c5bd74cc48ba2ab5615dc.png','益肤','2021-08-23','研究','南京天纵易康生物科技股份有限公司','[{\"rcontent\":\"南京市江北新区星火路10号鼎业百泰生物大楼A座1103-1105室\"},{\"rcontent\":\"B座102室\"},{\"rcontent\":\"E座三层和E座101室\"}]',NULL,NULL,0,'2021-11-25 10:15:07'),
(5,'http://localhost:8000/暂无图片(2).png','456','2021-08-03','456','123','[{\"rcontent\":\"hjv\"}]',NULL,NULL,0,'2021-11-25 10:15:07'),
(6,'http://localhost:8000/upload_fc86b36c0f2800fa47b553dca39ac3ad.png','都市牧场','2021-08-05','生产','广东新乐食品有限公司','[{\"rcontent\":\"广东新乐\"}]',NULL,NULL,0,'2021-11-25 10:15:07'),
(7,'http://localhost:8000/upload_44c2c0657374c000e595ecebabfee298.png','都','2021-08-05','生产','广东','[{\"rcontent\":\"广东新乐\"}]',NULL,NULL,0,'2021-11-25 10:15:07'),
(8,'http://localhost:8000/upload_8ee240d6282e4371577ca51b79277971.png','姓名测试(*)','2021-08-10','职务测试(*)','任职企业测试(*)','[{\"rcontent\":\"任职履历2测试\"},{\"rcontent\":\"任职履历3测试\"}]',NULL,NULL,0,'2021-11-25 10:15:08'),
(9,'http://localhost:8000/暂无图片(2).png','为空测试','','-','-','[]',NULL,NULL,0,'2021-11-25 10:15:08'),
(10,'http://localhost:8000/暂无图片(2).png','为空测试2','-','-','-','[]',NULL,NULL,0,'2021-11-25 10:15:08'),
(11,'http://localhost:8000/暂无图片(2).png','为空测试3','-','-','-','[]',NULL,NULL,0,'2021-11-16 20:56:00'),
(12,'http://localhost:8000/暂无图片(2).png','为空测试4','-','-','-','[]',NULL,NULL,0,'2021-11-25 10:15:08'),
(13,'http://localhost:8000/暂无图片(2).png','为空测试5','-','-','-','[{\"rcontent\":\"-\"}]',NULL,NULL,0,'2021-11-25 10:15:09'),
(14,'http://localhost:8000/暂无图片(2).png','为空测试6','-','-','-','[{\"rcontent\":\"-\"}]',NULL,NULL,0,'2021-11-16 20:55:55'),
(15,'http://localhost:8000/暂无图片(2).png','为空测试6','-','-','-','[{\"rcontent\":\"-\"}]',NULL,NULL,0,'2021-11-16 20:55:57'),
(16,'http://localhost:8000/暂无图片(2).png','联动测试','-','-','-','[{\"rcontent\":\"-\"}]',NULL,NULL,0,'2021-11-25 10:15:12'),
(17,'http://localhost:8000/upload_cf913f766a120a19104f0130f2e6f5c2.png','联动测试2','-','-','-','[{\"rcontent\":\"-\"}]',NULL,NULL,0,'2021-11-25 10:15:12'),
(18,'http://localhost:8000/暂无图片(2).png','联调测试4','-','-','-','[{\"rcontent\":\"-\"}]',NULL,NULL,0,'2021-11-25 10:15:12'),
(19,'http://localhost:8000/暂无图片(2).png','联调测试3','-','-','-','[{\"rcontent\":\"-\"}]',NULL,NULL,0,'2021-11-25 10:15:13'),
(20,'http://localhost:8000/暂无图片(2).png','标签测试1','2021-08-27','经筵日讲官太保兼太子太保保和殿大学士兼管吏部尚书翰林院掌院学士事世袭三等伯','宝鸡有一群怀揣着梦想的少年相信在牛大叔的带领下会创造生命的奇迹网络科技有限公司','[{\"rcontent\":\"31245678965423145678954613456897564231456897546321456\"}]',NULL,NULL,0,'2021-11-25 10:15:17'),
(21,'http://localhost:8000/upload_bdc12f787d1d1adc0bc315a951a810e5.png','测试新改的标签类型','2021-11-15','测试新改的标签类型的职务','测试新改的标签类型的任职企业','[{\"rcontent\":\"测试新改的标签类型的任职履历\"}]','[{\"value\":50,\"label\":\"电脑/笔记本/服务器\"},{\"value\":53,\"label\":\"计算机系统/网络系统工程\"},{\"value\":54,\"label\":\"软件/系统集成\"}]','[[5,24,50],[5,24,53],[5,25,54]]',0,'2022-02-20 13:47:45'),
(22,'http://localhost:8000/暂无图片(2).png','新的标签类型为空测试','2021-11-16','新的标签类型为空测试的职务1','新的标签类型为空测试的任职企业1','[{\"rcontent\":\"新的标签类型为空测试的任职履历\"}]','[{\"value\":6,\"label\":\"农业\"},{\"value\":8,\"label\":\"畜牧业\"},{\"value\":38,\"label\":\"酒\"},{\"value\":39,\"label\":\"饮料/乳液\"},{\"value\":40,\"label\":\"茶\"}]','[[1,6],[1,8],[3,16,38],[3,16,39],[3,16,40]]',0,'2022-02-20 13:47:42'),
(23,'http://localhost:8000/upload_1edd3ea48e2150425f07992b6bbc195a.png','第一次人物测试','2021-11-16','第一次人物测试的职务','第一次人物测试的任职企业','[{\"rcontent\":\"第一次人物测试的任职履历11\"}]','[{\"value\":46,\"label\":\"房产策划/经营/开发\"}]','[[4,20,46]]',0,'2022-02-20 13:47:40'),
(24,'http://localhost:8000/upload_2373f0e0289222dede28c092ca7db4f1.png','第三次人物测试','2021-11-26','第三次人物测试的职务','第三次人物测试的任职企业','[{\"rcontent\":\"第三次人物测试的任职履历\"},{\"rcontent\":\"优先技术公司-经理-1998-至今\"}]','[{\"value\":46,\"label\":\"房产策划/经营/开发\"},{\"value\":22,\"label\":\"建筑装饰\"}]','[[4,20,46],[4,22]]',0,'2022-02-20 13:47:38'),
(25,'http://localhost:8000/upload_3aa97ba24de17c783e986e61540377a3.jpg','章燎源','-','-','三只松鼠股份有限公司','[{\"rcontent\":\"安徽三只松鼠电子商务有限公司-创始人、CEO\"}]','[{\"value\":31,\"label\":\"糕点、面包\"},{\"value\":32,\"label\":\"饼干及其他焙烤食品\"},{\"value\":33,\"label\":\"糖果巧克力及蜜饯\"}]','[[3,15,31],[3,15,32],[3,15,33]]',1,'2022-02-20 12:47:33'),
(26,'http://localhost:8000/upload_95a1a125cc326c67b564fb2ce64b0a7a.jpg','潘道伟','-','-','三只松鼠股份有限公司','[{\"rcontent\":\"-\"}]','[]','[]',1,'2022-02-20 12:55:56'),
(27,'http://localhost:8000/upload_95e3a6e79c989b5a1527e622fd100e0d.jpg','赵明路','-','-','华为技术有限公司','[{\"rcontent\":\"-\"}]','[{\"value\":53,\"label\":\"计算机系统/网络系统工程\"},{\"value\":54,\"label\":\"软件/系统集成\"},{\"value\":56,\"label\":\"固话/手机/相关配件\"}]','[[5,24,53],[5,25,54],[5,26,56]]',1,'2022-02-20 13:19:41'),
(28,'http://localhost:8000/upload_209c8e58053626b933b64ccb6a4eb88e.jpg','任正非','1944-10','总裁','华为技术有限公司','[{\"rcontent\":\"华为技术有限公司-总裁-1988年——至今\"},{\"rcontent\":\"深圳南油（集团）有限公司-1982年——1984年\"}]','[{\"value\":52,\"label\":\"电子商务/互联网信息服务\"},{\"value\":53,\"label\":\"计算机系统/网络系统工程\"},{\"value\":54,\"label\":\"软件/系统集成\"},{\"value\":56,\"label\":\"固话/手机/相关配件\"}]','[[5,24,52],[5,24,53],[5,25,54],[5,26,56]]',1,'2022-03-11 10:57:21'),
(29,'http://localhost:8000/upload_c64e3996bb17b94a7ef722538c1f5258.jpg','万飚','-','-','-','[{\"rcontent\":\"-\"}]','[{\"value\":54,\"label\":\"软件/系统集成\"},{\"value\":56,\"label\":\"固话/手机/相关配件\"}]','[[5,25,54],[5,26,56]]',1,'2022-02-28 14:38:30'),
(30,'http://localhost:8000/upload_c64e3996bb17b94a7ef722538c1f5258.jpg','万飚1','-','-','-','[{\"rcontent\":\"-\"}]','[{\"value\":51,\"label\":\"计算机维护/维修/数据恢复\"}]','[[5,24,51]]',1,'2022-02-28 14:42:28'),
(31,'http://localhost:8000/upload_4a3c48625f8422f7706b6128676b47db.jpg','董明珠','1954-08','董事长','珠海格力电器股份有限公司','[{\"rcontent\":\"格力电器——总裁——（2001年—至今）\"},{\"rcontent\":\"格力电器——副总经理——（1997年—2001年）\"},{\"rcontent\":\"格力电器销售公司——经理——（1996年—1997年）\"},{\"rcontent\":\"格力电器经营部——部长——（1994年—1995年）\"},{\"rcontent\":\"海利空调器厂——基层业务员——（1990年—1994年）\"},{\"rcontent\":\"南京化工研究所——干部——（1975年—1984年）\"}]','[{\"value\":10,\"label\":\"彩电/冰箱/空调\"},{\"value\":11,\"label\":\"厨卫家电\"},{\"value\":12,\"label\":\"影音家电\"},{\"value\":13,\"label\":\"家电销售/维修\"}]','[[2,10],[2,11],[2,12],[2,13]]',1,'2022-03-11 15:29:15'),
(32,'http://localhost:8000/暂无图片(2).png','谭建明','-','-','珠海格力电器股份有限公司','[{\"rcontent\":\"-\"}]','[{\"value\":10,\"label\":\"彩电/冰箱/空调\"},{\"value\":11,\"label\":\"厨卫家电\"},{\"value\":12,\"label\":\"影音家电\"},{\"value\":13,\"label\":\"家电销售/维修\"}]','[[2,10],[2,11],[2,12],[2,13]]',1,'2022-03-11 11:00:38'),
(33,'http://localhost:8000/upload_d7b8005137d28be938b385a6ab7f0ad1.jpg','朱江洪','1945-11','董事长','珠海格力电器股份有限公司','[{\"rcontent\":\"珠海格力电器有限公司——董事长——（2001年04月—至今）\"},{\"rcontent\":\"珠海格力电器股份有限公司——总经理——（1992年—2001年）\"},{\"rcontent\":\"冠雄塑胶工业公司——总经理——（1988年—1992年）\"}]','[{\"value\":10,\"label\":\"彩电/冰箱/空调\"},{\"value\":11,\"label\":\"厨卫家电\"},{\"value\":12,\"label\":\"影音家电\"},{\"value\":13,\"label\":\"家电销售/维修\"}]','[[2,10],[2,11],[2,12],[2,13]]',1,'2022-03-11 15:29:20'),
(34,'http://localhost:8000/暂无图片(2).png','123','2022-03','-','-','[{\"rcontent\":\"-\"}]','[]','[]',1,'2022-03-11 15:29:33');

/*Table structure for table `kjwl_pc_elabel` */

DROP TABLE IF EXISTS `kjwl_pc_elabel`;

CREATE TABLE `kjwl_pc_elabel` (
  `kjwl_e_id` int(2) DEFAULT NULL,
  `kjwl_el_name` varchar(100) DEFAULT NULL,
  `kjwl_el_status` int(2) DEFAULT '1',
  `kjwl_el_datetime` timestamp NOT NULL DEFAULT CURRENT_TIMESTAMP ON UPDATE CURRENT_TIMESTAMP
) ENGINE=InnoDB DEFAULT CHARSET=utf8;

/*Data for the table `kjwl_pc_elabel` */

insert  into `kjwl_pc_elabel`(`kjwl_e_id`,`kjwl_el_name`,`kjwl_el_status`,`kjwl_el_datetime`) values 
(1,'公司标签1',0,'2021-11-25 10:15:38'),
(1,'公司标签2',0,'2021-11-25 10:15:35'),
(1,'公司标签3',0,'2021-11-25 10:15:35'),
(2,'-',0,'2021-11-25 10:15:35'),
(3,'公司标签3',0,'2021-11-25 10:15:35'),
(3,'公司标签1',0,'2021-11-25 10:15:40'),
(4,'公司标签3',0,'2021-11-25 10:15:40'),
(4,'公司标签1',0,'2021-11-25 10:15:40'),
(5,'公司标签1',0,'2021-11-25 10:15:40'),
(5,'公司标签3',0,'2021-11-25 10:15:40'),
(6,'公司标签1',0,'2021-11-25 10:15:40'),
(6,'公司标签3',0,'2021-11-25 10:15:41'),
(7,'公司标签1',0,'2021-11-25 10:15:41'),
(7,'公司标签3',0,'2021-11-25 10:15:41'),
(8,'公司标签3',0,'2021-11-25 10:15:41'),
(8,'公司标签1',0,'2021-11-25 10:15:41'),
(9,'公司标签1',0,'2021-11-25 10:15:42'),
(9,'公司标签3',0,'2021-11-25 10:15:42'),
(10,'公司标签1',0,'2021-08-26 11:06:09'),
(10,'公司标签3',0,'2021-08-26 11:06:09'),
(11,'biaoqian2',0,'2021-11-25 10:15:42'),
(11,'baiqoian3',0,'2021-11-25 10:15:43'),
(11,'biaoqian1',0,'2021-11-25 10:15:43'),
(12,'标签1',0,'2021-11-25 10:15:43'),
(12,'标签2',0,'2021-11-25 10:15:43'),
(12,'标签3',0,'2021-11-25 10:15:43'),
(13,'标签1',0,'2021-11-25 10:15:43'),
(13,'标签3',0,'2021-11-25 10:15:44'),
(13,'标签2',0,'2021-11-25 10:15:44'),
(14,'标签3',0,'2021-11-25 10:15:44'),
(14,'标签2',0,'2021-11-25 10:15:44'),
(14,'标签1',0,'2021-11-25 10:15:44'),
(15,'标签1',0,'2021-11-25 10:15:45'),
(15,'标签2',0,'2021-11-25 10:15:45'),
(15,'标签3',0,'2021-11-25 10:15:45'),
(10,'公司标签1',0,'2021-08-26 11:08:21'),
(10,'公司标签3',0,'2021-08-26 11:08:21'),
(10,'这是添加的标签1',0,'2021-08-26 11:08:21'),
(10,'公司标签1',0,'2021-08-26 11:09:16'),
(10,'公司标签3',0,'2021-08-26 11:09:16'),
(10,'这是添加的标签1',0,'2021-08-26 11:09:16'),
(10,'公司标签1',0,'2021-11-25 10:15:47'),
(10,'公司标签3',0,'2021-11-25 10:15:47'),
(10,'这是添加的标签1',0,'2021-11-25 10:15:47'),
(16,'标签1',0,'2021-08-26 19:17:14'),
(16,'标签2',0,'2021-08-26 19:17:14'),
(17,'789',0,'2021-11-25 10:15:47'),
(17,'456',0,'2021-11-25 10:15:48'),
(18,'-',0,'2021-11-25 10:15:48'),
(19,'-',0,'2021-11-25 10:15:48'),
(16,'标签1',0,'2021-08-26 19:19:22'),
(16,'标签2',0,'2021-08-26 19:19:22'),
(16,'标签1',0,'2021-11-25 10:15:49'),
(16,'标签2',0,'2021-11-25 10:15:49'),
(20,'-',0,'2021-08-26 19:21:51'),
(20,'-',0,'2021-11-25 10:15:49'),
(21,'1256421564',0,'2021-08-27 16:24:06'),
(21,'1256421564',0,'2021-08-27 16:27:05'),
(21,'1256421564',0,'2021-11-25 10:15:50'),
(21,'231456789564123546',0,'2021-11-25 10:15:50'),
(21,'231456789456123456789456123456789123456789',0,'2021-11-25 10:15:50'),
(22,'45612356489',0,'2021-11-25 10:15:51'),
(22,'12345678945623154678945623154789456321',0,'2021-11-25 10:15:51');

/*Table structure for table `kjwl_pc_maincharacter` */

DROP TABLE IF EXISTS `kjwl_pc_maincharacter`;

CREATE TABLE `kjwl_pc_maincharacter` (
  `kjwl_e_id` int(2) DEFAULT NULL,
  `kjwl_p_id` int(2) DEFAULT NULL,
  `kjwl_ep_status` int(2) DEFAULT '1',
  `kjwl_ep_datetime` timestamp NOT NULL DEFAULT CURRENT_TIMESTAMP ON UPDATE CURRENT_TIMESTAMP
) ENGINE=InnoDB DEFAULT CHARSET=utf8;

/*Data for the table `kjwl_pc_maincharacter` */

insert  into `kjwl_pc_maincharacter`(`kjwl_e_id`,`kjwl_p_id`,`kjwl_ep_status`,`kjwl_ep_datetime`) values 
(19,6,1,'2021-08-26 18:46:06'),
(19,15,1,'2021-08-26 18:46:06'),
(16,4,1,'2021-08-26 19:19:22'),
(16,8,1,'2021-08-26 19:19:22'),
(16,17,1,'2021-08-26 19:19:22'),
(20,7,1,'2021-08-26 19:21:51'),
(23,2,1,'2021-11-15 10:46:42'),
(24,2,1,'2021-11-15 10:50:59'),
(25,8,0,'2021-11-15 14:54:22'),
(25,8,0,'2021-11-15 15:13:51'),
(25,4,0,'2021-11-15 15:13:51'),
(25,3,0,'2021-11-15 15:13:51'),
(25,2,0,'2021-11-15 15:13:51'),
(25,1,0,'2021-11-15 15:13:51'),
(25,17,0,'2021-11-15 15:13:51'),
(25,8,1,'2021-11-15 15:13:51'),
(25,4,1,'2021-11-15 15:13:51'),
(25,3,1,'2021-11-15 15:13:51'),
(25,1,1,'2021-11-15 15:13:51'),
(25,2,1,'2021-11-15 15:13:51'),
(25,17,1,'2021-11-15 15:13:51'),
(27,22,0,'2021-11-16 19:42:12'),
(27,21,0,'2021-11-16 19:42:12'),
(27,22,1,'2021-11-16 19:42:12'),
(27,21,1,'2021-11-16 19:42:12'),
(27,20,1,'2021-11-16 19:42:12'),
(28,23,0,'2021-11-25 16:59:40'),
(28,23,0,'2022-01-22 11:42:13'),
(28,21,0,'2022-01-22 11:42:13'),
(28,21,1,'2022-01-22 11:42:13'),
(28,23,1,'2022-01-22 11:42:13'),
(32,27,0,'2022-02-21 11:36:21'),
(32,28,0,'2022-02-21 11:36:21'),
(33,29,0,'2022-02-21 11:41:06'),
(31,25,0,'2022-02-21 11:40:48'),
(31,26,0,'2022-02-21 11:40:48'),
(32,27,0,'2022-02-21 11:37:23'),
(32,28,0,'2022-02-21 11:37:23'),
(32,27,0,'2022-02-21 11:40:21'),
(32,28,0,'2022-02-21 11:40:21'),
(32,27,1,'2022-02-21 11:40:21'),
(32,28,1,'2022-02-21 11:40:21'),
(31,26,0,'2022-02-21 11:40:59'),
(31,25,0,'2022-02-21 11:40:59'),
(31,26,0,'2022-02-22 11:53:34'),
(31,25,0,'2022-02-22 11:53:34'),
(33,29,0,'2022-02-21 11:41:13'),
(33,29,0,'2022-02-23 11:42:04'),
(31,25,0,'2022-02-22 11:54:53'),
(31,26,0,'2022-02-22 11:54:53'),
(31,25,1,'2022-02-22 11:54:53'),
(31,26,1,'2022-02-22 11:54:53'),
(33,29,1,'2022-02-23 11:42:04'),
(34,32,0,'2022-03-11 11:48:39'),
(34,33,0,'2022-03-11 11:48:39'),
(34,31,0,'2022-03-11 11:48:39'),
(34,31,0,'2022-03-11 11:52:21'),
(34,33,0,'2022-03-11 11:52:21'),
(34,32,0,'2022-03-11 11:52:21'),
(34,31,0,'2022-03-11 11:52:40'),
(34,33,0,'2022-03-11 11:52:40'),
(34,32,0,'2022-03-11 11:52:40'),
(34,33,0,'2022-03-11 11:58:07'),
(34,32,0,'2022-03-11 11:58:07'),
(34,31,0,'2022-03-11 11:58:07'),
(34,32,0,'2022-03-11 15:00:55'),
(34,33,0,'2022-03-11 15:00:55'),
(34,31,0,'2022-03-11 15:00:55'),
(34,33,0,'2022-03-11 15:15:53'),
(34,32,0,'2022-03-11 15:15:53'),
(34,31,0,'2022-03-11 15:15:53'),
(34,32,0,'2022-03-11 15:16:03'),
(34,33,0,'2022-03-11 15:16:03'),
(34,31,0,'2022-03-11 15:16:03'),
(34,32,1,'2022-03-11 15:16:03'),
(34,33,1,'2022-03-11 15:16:03'),
(34,31,1,'2022-03-11 15:16:03');

/*Table structure for table `kjwl_pc_nenterprise` */

DROP TABLE IF EXISTS `kjwl_pc_nenterprise`;

CREATE TABLE `kjwl_pc_nenterprise` (
  `kjwl_n_id` int(2) DEFAULT NULL,
  `kjwl_e_id` int(2) DEFAULT NULL,
  `kjwl_ne_status` int(2) DEFAULT '1',
  `kjwl_ne_datetime` timestamp NOT NULL DEFAULT CURRENT_TIMESTAMP ON UPDATE CURRENT_TIMESTAMP
) ENGINE=InnoDB DEFAULT CHARSET=utf8;

/*Data for the table `kjwl_pc_nenterprise` */

insert  into `kjwl_pc_nenterprise`(`kjwl_n_id`,`kjwl_e_id`,`kjwl_ne_status`,`kjwl_ne_datetime`) values 
(28,10,1,'2021-08-27 15:45:05'),
(28,1,1,'2021-08-27 15:45:05'),
(26,16,1,'2021-08-27 16:13:38'),
(26,12,1,'2021-08-27 16:13:38'),
(29,22,1,'2021-08-30 16:47:01'),
(31,3,1,'2021-11-13 17:49:56'),
(32,1,0,'2021-11-13 18:42:45'),
(32,1,1,'2021-11-13 18:42:45'),
(33,27,0,'2021-11-16 20:59:20'),
(33,27,1,'2021-11-16 20:59:20'),
(34,28,0,'2021-11-26 14:33:08'),
(34,28,1,'2021-11-26 14:33:08'),
(36,28,0,'2022-02-18 09:40:33'),
(36,28,0,'2022-02-18 09:40:53'),
(36,28,1,'2022-02-18 09:40:53'),
(37,31,1,'2022-02-20 13:04:25'),
(38,31,1,'2022-02-20 13:06:49'),
(39,32,1,'2022-02-20 13:31:46'),
(41,34,1,'2022-03-11 15:01:41'),
(42,34,1,'2022-03-11 15:01:51'),
(43,34,1,'2022-03-11 15:01:59');

/*Table structure for table `kjwl_pc_nlabel` */

DROP TABLE IF EXISTS `kjwl_pc_nlabel`;

CREATE TABLE `kjwl_pc_nlabel` (
  `kjwl_n_id` int(10) NOT NULL,
  `kjwl_nl_name` varchar(100) DEFAULT NULL,
  `kjwl_nl_status` int(2) DEFAULT '1',
  `kjwl_nl_datetime` timestamp NOT NULL DEFAULT CURRENT_TIMESTAMP ON UPDATE CURRENT_TIMESTAMP
) ENGINE=InnoDB DEFAULT CHARSET=utf8;

/*Data for the table `kjwl_pc_nlabel` */

insert  into `kjwl_pc_nlabel`(`kjwl_n_id`,`kjwl_nl_name`,`kjwl_nl_status`,`kjwl_nl_datetime`) values 
(9,'132',0,'2021-11-25 14:08:49'),
(9,'46',0,'2021-11-25 14:08:50'),
(9,'科技网络',0,'2021-11-25 14:08:50'),
(10,'标签1',0,'2021-11-25 14:08:50'),
(10,'标签2',0,'2021-11-25 14:08:50'),
(10,'标签3',0,'2021-11-25 14:08:51'),
(11,'1',0,'2021-11-25 14:08:51'),
(11,'2',0,'2021-11-25 14:09:00'),
(11,'3',0,'2021-11-25 14:08:51'),
(12,'夺',0,'2021-11-25 14:08:51'),
(12,'矿',0,'2021-11-25 14:08:52'),
(12,'战',0,'2021-11-25 14:08:52'),
(13,'竞',0,'2021-11-25 14:08:52'),
(13,'技',0,'2021-11-25 14:08:52'),
(13,'场',0,'2021-11-25 14:08:52'),
(14,'荣耀',0,'2021-11-25 14:09:02'),
(14,'黄金',0,'2021-11-25 14:08:53'),
(15,'456468',0,'2021-11-25 14:08:53'),
(15,'489646531',0,'2021-11-25 14:08:53'),
(16,'标签1',0,'2021-11-25 14:08:53'),
(16,'标签2',0,'2021-11-25 14:08:54'),
(17,'123',0,'2021-11-25 14:08:57'),
(17,'456',0,'2021-11-25 14:09:03'),
(18,'新闻1的标签1',0,'2021-08-20 11:49:30'),
(18,'新闻1的标签2',0,'2021-11-25 14:09:04'),
(19,'新闻2的标签1',0,'2021-11-25 14:09:04'),
(20,'新闻3的标签',0,'2021-11-25 14:09:04'),
(21,'新闻4的标签',0,'2021-11-25 14:09:04'),
(22,'新闻5的标签',0,'2021-11-25 14:09:04'),
(18,'新闻1的标签1',0,'2021-11-25 14:09:05'),
(18,'新闻1的标签2',0,'2021-08-20 11:50:19'),
(18,'新闻1的标签3',0,'2021-11-25 14:09:05'),
(23,'456',0,'2021-11-25 14:09:05'),
(25,'-',0,'2021-08-25 11:50:05'),
(25,'-',0,'2021-11-25 14:09:06'),
(26,'标签1',0,'2021-08-27 16:09:10'),
(26,'标签2',0,'2021-08-27 16:09:10'),
(26,'标签3',0,'2021-08-27 16:09:10'),
(27,'231',0,'2021-11-25 14:09:07'),
(27,'789',0,'2021-11-25 14:09:07'),
(28,'-',0,'2021-11-25 14:09:07'),
(26,'标签1',0,'2021-08-27 16:13:38'),
(26,'标签2',0,'2021-08-27 16:13:38'),
(26,'标签3',0,'2021-08-27 16:13:38'),
(26,'标签1',0,'2021-11-25 14:09:08'),
(26,'标签2',0,'2021-11-25 14:09:18'),
(26,'标签3',0,'2021-11-25 14:09:09'),
(4,'4894123',0,'2021-11-25 14:09:09'),
(4,'5486',0,'2021-11-25 14:09:09'),
(29,'宝鸡有一群怀揣着梦想的少年相信在牛大叔的带领下会创造生命的奇迹网络科技有限公司',0,'2021-11-25 14:09:14'),
(29,'宝鸡有一群怀揣着梦想的少年相信在牛大叔的带领下会创造生命的奇迹网络科技有限公司',0,'2021-11-25 14:09:21'),
(30,'-',0,'2021-10-09 15:27:21'),
(30,'-',0,'2021-11-25 14:09:24');

/*Table structure for table `kjwl_pc_nperson` */

DROP TABLE IF EXISTS `kjwl_pc_nperson`;

CREATE TABLE `kjwl_pc_nperson` (
  `kjwl_n_id` int(2) DEFAULT NULL,
  `kjwl_p_id` int(2) DEFAULT NULL,
  `kjwl_np_status` int(2) DEFAULT '1',
  `kjwl_np_datetime` timestamp NOT NULL DEFAULT CURRENT_TIMESTAMP ON UPDATE CURRENT_TIMESTAMP
) ENGINE=InnoDB DEFAULT CHARSET=utf8;

/*Data for the table `kjwl_pc_nperson` */

insert  into `kjwl_pc_nperson`(`kjwl_n_id`,`kjwl_p_id`,`kjwl_np_status`,`kjwl_np_datetime`) values 
(28,6,1,'2021-08-27 15:45:05'),
(28,3,1,'2021-08-27 15:45:05'),
(26,8,1,'2021-08-27 16:13:38'),
(26,17,1,'2021-08-27 16:13:38'),
(29,20,1,'2021-08-30 16:47:01'),
(31,3,1,'2021-11-13 17:49:56'),
(32,8,0,'2021-11-13 18:42:45'),
(32,8,1,'2021-11-13 18:42:45'),
(33,23,0,'2021-11-16 20:59:20'),
(33,23,1,'2021-11-16 20:59:20'),
(34,24,0,'2021-11-26 14:33:08'),
(34,24,1,'2021-11-26 14:33:08'),
(36,24,0,'2022-02-18 09:40:33'),
(36,24,0,'2022-02-18 09:40:53'),
(36,24,1,'2022-02-18 09:40:53'),
(39,27,1,'2022-02-20 13:31:46'),
(39,28,1,'2022-02-20 13:31:46'),
(41,31,0,'2022-03-11 11:27:23'),
(41,31,0,'2022-03-11 15:01:41'),
(42,31,0,'2022-03-11 11:31:13'),
(42,31,0,'2022-03-11 15:01:51'),
(43,31,0,'2022-03-11 11:37:28'),
(43,31,0,'2022-03-11 15:01:59'),
(41,31,1,'2022-03-11 15:01:41'),
(41,32,1,'2022-03-11 15:01:41'),
(41,33,1,'2022-03-11 15:01:41'),
(42,31,1,'2022-03-11 15:01:51'),
(42,33,1,'2022-03-11 15:01:51'),
(43,31,1,'2022-03-11 15:01:59');

/*Table structure for table `kjwl_pc_plabel` */

DROP TABLE IF EXISTS `kjwl_pc_plabel`;

CREATE TABLE `kjwl_pc_plabel` (
  `kjwl_p_id` int(2) NOT NULL,
  `kjwl_pl_name` varchar(100) DEFAULT NULL,
  `kjwl_pl_status` int(2) DEFAULT '1',
  `kjwl_p_datetime` timestamp NOT NULL DEFAULT CURRENT_TIMESTAMP ON UPDATE CURRENT_TIMESTAMP
) ENGINE=InnoDB DEFAULT CHARSET=utf8;

/*Data for the table `kjwl_pc_plabel` */

insert  into `kjwl_pc_plabel`(`kjwl_p_id`,`kjwl_pl_name`,`kjwl_pl_status`,`kjwl_p_datetime`) values 
(1,'456',0,'2021-11-25 14:09:29'),
(1,'123',0,'2021-11-25 14:09:30'),
(2,'人物标签1',0,'2021-11-25 14:09:30'),
(2,'人物标签3',0,'2021-11-25 14:09:30'),
(2,'人物标签2',0,'2021-11-25 14:09:30'),
(3,'深井冰',0,'2021-11-25 14:09:31'),
(3,'高',0,'2021-11-25 14:09:33'),
(3,'冷酷',0,'2021-11-25 14:09:38'),
(4,'医药用品',0,'2021-11-25 14:09:39'),
(4,'护肤',0,'2021-11-25 14:09:40'),
(5,'fgh',0,'2021-11-25 14:09:40'),
(6,'清新糖',0,'2021-11-25 14:09:41'),
(6,'食品',0,'2021-11-25 14:09:41'),
(7,'789',0,'2021-11-25 14:09:42'),
(7,'糖',0,'2021-11-25 14:09:43'),
(7,'456',0,'2021-11-25 14:09:43'),
(8,'标签1测试',0,'2021-08-24 11:35:23'),
(8,'标签2测试',0,'2021-08-24 11:35:23'),
(8,'标签3测试',0,'2021-08-24 11:35:23'),
(8,'标签1测试',0,'2021-11-25 14:09:45'),
(8,'标签2测试',0,'2021-11-25 14:09:46'),
(11,'-',0,'2021-11-25 14:09:50'),
(11,'-',0,'2021-11-25 14:09:54'),
(11,'-',0,'2021-11-25 14:09:55'),
(12,'-',0,'2021-11-25 14:09:56'),
(12,NULL,0,'2021-11-25 14:09:59'),
(12,NULL,0,'2021-11-25 14:10:00'),
(13,'-',0,'2021-11-25 14:10:01'),
(14,'-',0,'2021-08-25 11:32:14'),
(15,'-',0,'2021-08-25 11:35:27'),
(14,'-',0,'2021-11-25 14:10:04'),
(15,'-',0,'2021-11-25 14:10:04'),
(16,'标签1',0,'2021-11-25 14:10:05'),
(16,'标签2',0,'2021-11-25 14:10:06'),
(17,'456',0,'2021-11-25 14:10:06'),
(17,'789',0,'2021-11-25 14:10:07'),
(17,'123',0,'2021-11-25 14:10:08'),
(18,'-',0,'2021-11-25 14:10:08'),
(19,'-',0,'2021-08-27 11:19:08'),
(19,'-',0,'2021-11-25 14:10:10'),
(20,'123456',0,'2021-08-27 16:43:16'),
(20,'124658974523156487945632456789654231456879465231',0,'2021-08-27 16:43:16'),
(20,'123456',0,'2021-11-25 14:10:12'),
(20,'124658974523156487945632456789654231456879465231',0,'2021-11-25 14:10:12');

/*Table structure for table `kjwl_pc_pnews` */

DROP TABLE IF EXISTS `kjwl_pc_pnews`;

CREATE TABLE `kjwl_pc_pnews` (
  `kjwl_p_id` int(2) DEFAULT NULL,
  `kjwl_n_id` int(2) DEFAULT NULL,
  `kjwl_pn_status` int(2) DEFAULT '1',
  `kjwl_pn_datetime` timestamp NOT NULL DEFAULT CURRENT_TIMESTAMP ON UPDATE CURRENT_TIMESTAMP
) ENGINE=InnoDB DEFAULT CHARSET=utf8;

/*Data for the table `kjwl_pc_pnews` */

insert  into `kjwl_pc_pnews`(`kjwl_p_id`,`kjwl_n_id`,`kjwl_pn_status`,`kjwl_pn_datetime`) values 
(19,14,0,'2021-08-27 11:19:08'),
(19,18,0,'2021-08-27 11:19:08'),
(19,15,0,'2021-11-26 10:53:47'),
(19,22,0,'2021-11-26 10:53:48'),
(21,31,1,'2021-11-15 17:59:35'),
(22,30,0,'2021-11-15 19:08:57'),
(22,30,0,'2021-11-26 10:54:10'),
(23,30,0,'2021-11-16 20:55:36'),
(23,32,0,'2021-11-16 20:55:36'),
(23,22,0,'2021-11-26 10:54:13'),
(23,32,0,'2021-11-26 10:55:04'),
(23,30,0,'2021-11-26 10:54:17'),
(24,33,0,'2021-11-26 10:51:03'),
(24,31,0,'2021-11-26 11:06:07'),
(23,31,1,'2021-11-26 10:55:04'),
(22,33,1,'2021-11-26 10:55:15'),
(24,31,0,'2022-01-22 11:44:27'),
(24,32,0,'2022-02-19 22:01:04'),
(24,31,0,'2022-02-19 22:01:04'),
(24,31,1,'2022-02-19 22:01:04'),
(24,32,1,'2022-02-19 22:01:04'),
(29,40,0,'2022-02-28 14:38:30'),
(28,40,0,'2022-03-11 10:57:21'),
(28,39,0,'2022-03-11 10:57:21'),
(27,39,1,'2022-02-20 13:57:12'),
(26,37,1,'2022-02-20 13:57:20'),
(26,38,1,'2022-02-20 13:57:20'),
(25,37,1,'2022-02-20 13:57:28'),
(25,38,1,'2022-02-20 13:57:28'),
(29,40,1,'2022-02-28 14:38:30'),
(28,40,1,'2022-03-11 10:57:21'),
(28,39,1,'2022-03-11 10:57:21'),
(31,41,1,'2022-03-11 15:02:14'),
(31,43,1,'2022-03-11 15:02:14'),
(31,42,1,'2022-03-11 15:02:14'),
(32,43,1,'2022-03-11 15:02:24'),
(32,41,1,'2022-03-11 15:02:24'),
(33,41,1,'2022-03-11 15:02:33'),
(33,42,1,'2022-03-11 15:02:33'),
(33,43,1,'2022-03-11 15:02:33');

/*Table structure for table `kjwl_pc_specific_enterprise` */

DROP TABLE IF EXISTS `kjwl_pc_specific_enterprise`;

CREATE TABLE `kjwl_pc_specific_enterprise` (
  `kjwl_e_id` int(2) DEFAULT NULL,
  `kjwl_e_type` varchar(50) DEFAULT NULL,
  `kjwl_e_ename` varchar(50) DEFAULT NULL,
  `kjwl_e_fname` varchar(50) DEFAULT NULL,
  `kjwl_e_concapital` varchar(20) DEFAULT NULL,
  `kjwl_e_ginsengnum` varchar(10) DEFAULT NULL,
  `kjwl_e_staffnum` varchar(20) DEFAULT NULL,
  `kjwl_e_utscc` varchar(70) DEFAULT NULL,
  `kjwl_e_taxpayernum` varchar(70) DEFAULT NULL,
  `kjwl_e_bregnum` varchar(70) DEFAULT NULL,
  `kjwl_e_taxpayerqua` varchar(50) DEFAULT NULL,
  `kjwl_e_orgcode` varchar(70) DEFAULT NULL,
  `kjwl_e_iaeecode` varchar(70) DEFAULT NULL,
  `kjwl_e_industry` varchar(50) DEFAULT NULL,
  `kjwl_e_businessterm` varchar(30) DEFAULT NULL,
  `kjwl_e_regauthority` varchar(50) DEFAULT NULL,
  `kjwl_e_approvaldate` varchar(30) DEFAULT NULL,
  `kjwl_e_businessscope` longtext,
  `kjwl_e_resume` longtext,
  `kjwl_e_status` int(2) DEFAULT '1',
  `kjwl_e_datetime` timestamp NOT NULL DEFAULT CURRENT_TIMESTAMP ON UPDATE CURRENT_TIMESTAMP
) ENGINE=InnoDB DEFAULT CHARSET=utf8;

/*Data for the table `kjwl_pc_specific_enterprise` */

insert  into `kjwl_pc_specific_enterprise`(`kjwl_e_id`,`kjwl_e_type`,`kjwl_e_ename`,`kjwl_e_fname`,`kjwl_e_concapital`,`kjwl_e_ginsengnum`,`kjwl_e_staffnum`,`kjwl_e_utscc`,`kjwl_e_taxpayernum`,`kjwl_e_bregnum`,`kjwl_e_taxpayerqua`,`kjwl_e_orgcode`,`kjwl_e_iaeecode`,`kjwl_e_industry`,`kjwl_e_businessterm`,`kjwl_e_regauthority`,`kjwl_e_approvaldate`,`kjwl_e_businessscope`,`kjwl_e_resume`,`kjwl_e_status`,`kjwl_e_datetime`) values 
(2,'-','-','-','-','-','-','-','-','-','-','-','-','-','-','-','-','\"-\"','\"-\"',0,'2021-11-25 14:10:55'),
(4,'7','bugufyd','456','100','20','200','dfgh','jokkm','-','-','-','-','-','-','-','-','\"-\"','\"-\"',0,'2021-11-25 14:10:56'),
(6,'7','bugufyd','456','100','20','200','dfgh','jokkm','vyg','756','hg','dgfdg','-','-','-','-','\"-\"','\"-\"',0,'2021-11-25 14:10:56'),
(8,'7','bugufyd','456','100','20','200','dfgh','jokkm','vyg','756','hg','dgfdg','763','-','-','-','\"-\"','\"-\"',0,'2021-11-25 14:10:57'),
(10,'7','bugufyd','-','-','0','20','dfgh','jokkm','vyg','756','hg','dgfdg','医药','2021-08-01至2021-08-25','-','2021-08-01','\"<p>-fad</p>\"','\"<p>-456</p>\"',0,'2021-11-25 14:10:57'),
(11,'leixing','yongwenming','cengyongm','110','21','210','shehuixinyong','nashuirenshibiehao','gongshangzucehao','nashuirenzihi','zuzhijigou','jinchukouqiye','suoshuhangye','2021-08-01至2021-08-21','dengjijiguan','2021-08-17','\"<p>jingyingfanwei</p>\"','\"<p>jianjie</p>\"',0,'2021-11-25 14:10:58'),
(15,'企业类型','ying.wen.ming','曾用名','120','22','220','she-hui-tong-yi-xin-yong-dai-ma','na-shui-ren-shi-bie-hao','gong-shang-zu-ce-hao','纳税人资质','zu-zhi-ji-gou-dai-ma','jin-chu-kou-qi-ye','所属行业','2021-08-01至2021-08-31','登记机关','2021-08-01','\"<p>这是经营范围</p>\"','\"<p>这是简介</p>\"',0,'2021-11-25 14:10:58'),
(16,'-','-','-','-','-','-','-','-','-','-','-','-','-','-','-','-','\"<p>联动测试</p>\"','\"<p>联动测试</p>\"',0,'2021-11-25 14:10:59'),
(17,'-','-','-','-','-','-','-','-','-','-','-','-','-','-','-','-','\"<p>联动测试</p>\"','\"<p>2</p>\"',0,'2021-11-25 14:11:00'),
(19,'-','-','-','-','-','-','-','-','-','-','-','-','-','-','-','-','\"-\"','\"-\"',0,'2021-11-25 14:11:00'),
(20,'-','-','-','-','-','-','-','-','-','-','-','-','-','-','-','-','\"<p>-</p>\"','\"<p>-</p>\"',0,'2021-11-25 14:11:01'),
(21,'-','-','-','-','-','-','-','-','-','-','-','-','-','-','-','-','\"<p>-</p>\"','\"<p>-</p>\"',0,'2021-11-25 14:11:01'),
(22,'宝鸡有一群怀揣着梦想的少年相信在牛大叔的带领下会创造生命的奇迹网络科技有限公司','qing.shu.ru.ying.wen.ming.zui.hai.shi.hen.chnag.de','宝鸡有一群怀揣着梦想的少年相信在牛大叔的带领下会创造生命的奇迹网络科技有限公司','100','200','200','qing-shu-ru-tong-yi-she-hui-xin-yong-dai-ma','qing-shu-ru-na-shui-ren-shi-bie-hao','qing-shu-ru-gong-shang-zhu-ce-hao','宝鸡有一群怀揣着梦想的少年相信在牛大叔的带领下会创造生命的奇迹网络科技有限公司','qing-shu-ru-zu-zhi-ji-gou-dai-ma','wing-shu-ru-jin-chu-kou-qi-ye-dai-ma','宝鸡有一群怀揣着梦想的少年相信在牛大叔的带领下会创造生命的奇迹网络科技有限公司','2021-08-01至2021-08-10','宝鸡有一群怀揣着梦想的少年相信在牛大叔的带领下会创造生命的奇迹网络科技有限公司','2021-08-26','\"<p>-</p>\"','\"<p>-</p>\"',0,'2021-11-25 14:11:02'),
(24,'测试新改的标签类型的企业类型','ceshixingaidebiaoqianleixingdeyingwenming','测试新改的标签类型的曾用名','10','100','150','123','1234','13245','123456','1234567','12345678','测试新改的标签类型的所属行业','2021-11-15至2021-11-16','测试新改的标签类型的登记机关','2021-11-15','\"<p>测试新改的标签类型的经营范围</p>\"','\"<p>测试新改的标签类型的简介</p>\"',0,'2022-02-20 13:48:49'),
(25,'新改的标签为空测试的企业类型','xingaidebiaoqiuanleixingweikongceshideyingwenming','新改的标签为空测试的曾用名','10','100','150','123','1234','12345','123456','1234567','12345678','新改的标签为空测试所属行业','2021-11-15至2021-11-16','新改的标签为空测试的登记机关','2021-11-15','\"<p>新改的标签为空测试的经营范围</p>\"','\"<p>新改的标签为空测试的简介</p>\"',0,'2022-02-20 13:48:47'),
(26,'企业类型','yingwenming','曾用名','10','10','20','1234','12345','123456','123457','1231578','123456789','所属行业','2021-11-16至2021-11-17','登记机关','2021-11-16','\"<p>经营范围</p>\"','\"<p>简介</p>\"',0,'2022-02-20 13:48:46'),
(27,'第一次正式测试的企业类型','yingwenm','第一次正式测试曾用名','10','100','120','shuzi-zimu-tongyishehuixinyongdaima','shuzi-zimu-nashuirenshibiehao123','shuzi-zimu-gszch011','第一次正式测试的纳税人资质','shuzi-zimu-zzjgdm','sz-zm-jckqydm','第一次正式测试所属行业','2021-11-16至2021-11-18','第一次正式测试的登记机关','2021-11-16','\"<p>第一次正式测试的经营范围</p>\"','\"<p>第一次正式测试的简介</p>\"',0,'2022-02-20 13:48:44'),
(28,'第二次新增测试企业类型','yinhgwenm','第二次新增测试的123','10','100','120','tongyishehuixinyongdaima-001','nashuirenshibiehao-002','gongshangzhucehao-003','第二次新增测试的纳税人资质','zuzhijigoudaima-004','jinchukouqiyedaima-005','第二次新增测试所属行业','2021-11-25至2021-11-30','第二次新增测试的登记机关','2021-11-25','\"<p>第二次新增测试的经营范围1111</p>\"','\"<p>第二次新增测试的简介</p>\"',0,'2022-02-20 13:48:41'),
(29,'-','-','-','-','-','-','-','-','-','-','-','-','-','-','-','-','\"-\"','\"-\"',0,'2022-02-20 13:48:40'),
(30,'-','-','-','-','-','-','-','-','-','-','-','-','-','-','-','-','\"<p>-</p>\"','\"<p>-</p>\"',0,'2022-02-20 13:48:38'),
(31,'股份有限公司','Three Squirrels Inc','安徽三只松鼠电子商务有限公司','','1522','1522','91340200591406087P','91340200591406087P','340200000139211','','59140608-7','3400591406087','食品制造业','2012-02-16至2042-02-16','芜湖市市场监督管理局','2019-10-29','\"<p>食品生产；食品经营；日用百货、办公用品、塑料和金属制品、工艺礼品、电子产品、服装鞋帽批发、零售；出版物零售；带有三只松鼠标志的纪念品及工艺品零售；自有品牌、动漫形象产品销售及经营；以承接服务外包方式从事软件开发；仓储服务（不含危险品和违禁品）、场地出租、信息技术服务、废旧物资（除危化品）销售、食用农产品销售。（上述经营范围涉及外商投资准入特别管理措施的项目除外，涉及前置许可的项目除外，涉及依法需经批准的项目，经相关部门批准后方可开展经营活动）增设经营场所；安徽省芜湖市弋江区高新技术产业开发区西山路38号</p>\"','\"<p>三只松鼠股份有限公司与2012年创立于安徽芜湖，主营产品覆盖了坚果、肉脯、果干、膨化等全品类的休闲零食。三只松鼠创立7年来，三只松鼠累计销售坚果零食产品超过200亿元，自2014年起连续5年位列天猫商城“零食、坚果、特产”类目成交额第一名。2018年“双十一”当天，三是松鼠全渠道实现销售额6.82亿元。三只松鼠不断致力于产品的创新，强化“造货+造体验”的核心能力，通过“风味”、“鲜味”和“趣味”构建起独特的“松鼠味”。近年来，三只松鼠在产品研发上持续投入，通过建立南京研创中心，与江南大学共建院士工作站等方式，用不断创新的单品和更好的体验，正在重新定义新零食，让消费者吃得更安全、更健康、更开心。三只松鼠坚持线上线下相融合发展，建立线上线下联动的销售立体网络，形成了“一主两翼三侧”的立体全渠道覆盖格局，成为新商业模式的典型代表。2016年，三只松鼠在芜湖开出首家线下投食店，目前已在全国落地超过70家；2018年5月，三只松鼠真实入驻阿里零售通，以线上赋能线下的新零售模式，将产品铺向线下沿街商铺；2018年9月，三只松鼠推出了新零售新物种——松鼠联盟小店，通过小店主个人IP与松鼠品牌IP的联盟，打造特色各异的零食便利店。当前，三只松鼠正加快从电商品牌向数字化供应链平台企业转型，一方面通过数字化系统连接中国众多的食品生产企业，另一方面通过更广泛的渠道连接消费者，把两者之间的链路做得更短。2017年双11，新华社刊发报道，称三只松鼠为新时代的“改革名片”，见证了中国发展的变迁。2018年5月第二个“中国品牌日”，人民日报评选产生最受公众欢迎的品牌榜。“三只松鼠”荣登最具潜力榜，被誉为“下一个国货领头羊”。</p>\"',1,'2022-02-20 12:38:10'),
(32,'有限责任公司（法人独资）','Huawei Technologies Co., Ltd.','深圳市华为技术有限公司','4034113.182','70421','70421','914403001922038216','914403001922038216','440301103097413','一般纳税人','19220382-1','4403192203821','科学研究和技术服务业','1987-09-15至2040-04-09','深圳市市场监督管理局','2021-12-22','\"<p>一般经营项目是：程控交换机、传输设备、数据通信设备、宽带多媒体设备、电源、无线通信设备、微电子产品、软件、系统集成工程、计算机及配套设备、终端设备及相关通信信息产品、数据中心机房基础设施及配套产品（含供配电、空调制冷设备、智能管理监控等）的开发、生产、销售、技术服务、工程安装、维修、咨询、代理、租赁；信息系统设计、集成、运行维护；集成电路设计、研发；统一通信及协作类产品，服务器及配套软硬件产品，存储设备及相关软件的研发、生产、销售；无线数据产品（不含限制项目）的研发、生产、销售；通信站点机房基础设施及通信配套设备（含通信站点、通信机房、通信电源、机柜、天线、通信线缆、配电、智能管理监控、锂电及储能系统等）的研发、生产、销售；能源科学技术研究及能源相关产品的研发、生产、销售；大数据产品、物联网及通信相关领域产品的研发、生产、销售；汽车零部件及智能系统的研发、生产、销售及服务；建筑工程；设计、制作、发布、代理各类广告；通信设备租赁（不含限制项目）；培训服务；技术认证服务；信息咨询（不含限制项目）；企业管理咨询（不含限制项目）；进出口业务；国内商业、物资供销业业务（不含专营、专控、专卖商品）；对外经济技术合作业务；房屋租赁业务（持许可经营证）；以及其他法律法规不禁止的经营活动（依法须经批准的项目，经相关部门批准后方可开展经营活动）。，许可经营项目是：增值电信业务经营</p>\"','\"<p>华为创立于1987年，是全球领先的ICT（信息与通信）基础设施和智能终端提供商，我们致力于把数字世界带入每个人、每个家庭、每个组织，构建万物互联的智能世界。目前华为有18.8万员工，业务遍及170多个国家和地区，服务30多亿人口。 华为在通信网络、IT、智能终端和云服务等领域为客户提供有竞争力、安全可信赖的产品、解决方案与服务，与生态伙伴开放合作，持续为客户创造价值，释放个人潜能，丰富家庭生活，激发组织创新。华为坚持围绕客户需求持续创新，加大基础研究投入，厚积薄发，推动世界进步。</p>\"',1,'2022-02-21 11:45:01'),
(33,'有限责任公司','Honor Device Co., Ltd.','','','','','91440300MA5G49LC9K','91440300MA5G49LC9K','440300209786991','一般纳税人','MA5G49LC-9','4403MA5G49LC9','批发业','2020-04-01至2060-04-01','深圳市市场监督管理局','2022-01-27','\"<p>一般经营项目是：佣金代理；货物或技术进出口。，许可经营项目是：开发、生产、销售：通信及电子产品、计算机、卫星电视接收天线、高频头、数字卫星电视接收机、医疗器械（第一类、第二类、第三类医疗器械）及前述产品的配套产品，并提供技术咨询和售后服务；增值电信业务经营。</p>\"','\"<p>荣耀（HONOR），是面向年轻人群的科技潮牌，主打潮流设计和极致性能。荣耀不断推出不同系列产品，致力于打造手机+IoT产品生态圈。荣耀的使命，是创造一个属于年轻人的智慧新世界。荣耀将持续为全球年轻人提供潮酷的全场景智能化体验，打造年轻人向往的先锋文化和潮流生活方式。在手机产品侧，荣耀推出包括定位科技理想主义、主打未来科技的荣耀Magic系列，定位先锋科技、主打极致性能和体验的荣耀V系列，定位潮流科技的荣耀N系列，定位千元旗舰、拥有极致质价比的荣耀X与荣耀畅玩系列等 。在IoT生态产品侧 ，荣耀推出融合终端 、配件产品。通过HILINK协议和旗下荣耀亲选电商平台，与具有制造优势资源及IoT厂商合作，打造先锋、潮酷的产品。</p>\"',1,'2022-02-21 11:44:54'),
(34,'其他股份有限公司','Gree Electric Appliances,inc.of Zhuhai','','601573.0878','27457','27457','91440400192548256N','91440400192548256N','440000000040686','增值税一般纳税人','19254825-6','4404192548256','电气机械和器材制造业','1989-12-13至2030-12-13','横琴粤澳深度合作区商事服务局','2021-08-26','\"<p>货物、技术的进出口；研发、制造、销售：泵、阀门、压缩机及类似机械，风机、包装设备等通用设备；电机、输配电及控制设备；电线、电缆、光缆及电工器材；家用制冷电器具，家用空气调节器及相关零部件；中央空调、制冷、空调设备、洁净空调、采暖设备、通风设备；空气源热泵热风机、热泵热水机、空调热水一体产品、燃气采暖热水炉设备、燃气供暖热水设备、热能节能设备、机电设备产品及相关零部件；新风及新风除霾设备；通讯终端设备及相关零部件；气体，液体分离及纯净设备及相关零部件；消毒器械；医疗器械、实验室设备；家用清洁卫生电器具、家用厨房电器具、家用通风电器具、其它家用电力器具及相关零部件；厨房用具、不锈钢制品、日用五金；炊具及配件、餐具及配件技术；建筑机电设备安装工程、泳池水处理、中央热水工程；新能源发电产品、储能系统及充电桩；电源、变流器、逆变器电力产品；直流电器及设备；节能产品、照明灯具制造、节能工程；电工仪器仪表；工业自动控制系统装置；能源信息集成管理系统；销售、安装及维护：中央空调、制冷、空调设备、洁净空调、采暖设备、通风设备；空气源热泵热风机、热泵热水机、空调热水一体产品、燃气采暖热水炉设备、燃气供暖热水设备、热能节能设备、新风及新风除霾设备。批发：机械设备、五金交电及电子产品；零售：家用电器及电子产品。（法律、行政法规禁止的项目除外；法律、行政法规限制的项目须取得许可后方可经营）(依法须经批准的项目，经相关部门批准后方可开展经营活动)</p>\"','\"<p>珠海格力电器股份有限公司成立于1991年，公司成立初期，主要依靠组装生产家用空调，现已发展成为多元化、科技型的全球工业制造集团，产业覆盖家用消费品和工业装备两大领域。</p>\"',1,'2022-03-11 11:58:07'),
(34,'其他股份有限公司','Gree Electric Appliances,inc.of Zhuhai','','601573.0878','27457','27457','91440400192548256N','91440400192548256N','440000000040686','增值税一般纳税人','19254825-6','4404192548256','电气机械和器材制造业','1989-12-13至2030-12-13','横琴粤澳深度合作区商事服务局','2021-08-26','\"<p>货物、技术的进出口；研发、制造、销售：泵、阀门、压缩机及类似机械，风机、包装设备等通用设备；电机、输配电及控制设备；电线、电缆、光缆及电工器材；家用制冷电器具，家用空气调节器及相关零部件；中央空调、制冷、空调设备、洁净空调、采暖设备、通风设备；空气源热泵热风机、热泵热水机、空调热水一体产品、燃气采暖热水炉设备、燃气供暖热水设备、热能节能设备、机电设备产品及相关零部件；新风及新风除霾设备；通讯终端设备及相关零部件；气体，液体分离及纯净设备及相关零部件；消毒器械；医疗器械、实验室设备；家用清洁卫生电器具、家用厨房电器具、家用通风电器具、其它家用电力器具及相关零部件；厨房用具、不锈钢制品、日用五金；炊具及配件、餐具及配件技术；建筑机电设备安装工程、泳池水处理、中央热水工程；新能源发电产品、储能系统及充电桩；电源、变流器、逆变器电力产品；直流电器及设备；节能产品、照明灯具制造、节能工程；电工仪器仪表；工业自动控制系统装置；能源信息集成管理系统；销售、安装及维护：中央空调、制冷、空调设备、洁净空调、采暖设备、通风设备；空气源热泵热风机、热泵热水机、空调热水一体产品、燃气采暖热水炉设备、燃气供暖热水设备、热能节能设备、新风及新风除霾设备。批发：机械设备、五金交电及电子产品；零售：家用电器及电子产品。（法律、行政法规禁止的项目除外；法律、行政法规限制的项目须取得许可后方可经营）(依法须经批准的项目，经相关部门批准后方可开展经营活动)</p>\"','\"<p>珠海格力电器股份有限公司成立于1991年，公司成立初期，主要依靠组装生产家用空调，现已发展成为多元化、科技型的全球工业制造集团，产业覆盖家用消费品和工业装备两大领域。</p>\"',1,'2022-03-11 11:58:07');

/*Table structure for table `kjwl_pc_specific_person` */

DROP TABLE IF EXISTS `kjwl_pc_specific_person`;

CREATE TABLE `kjwl_pc_specific_person` (
  `kjwl_p_id` int(2) NOT NULL,
  `kjwl_p_graduateschool` varchar(20) DEFAULT NULL,
  `kjwl_p_professional` varchar(20) DEFAULT NULL,
  `kjwl_p_recordschool` varchar(20) DEFAULT NULL,
  `kjwl_p_experience` longtext,
  `kjwl_p_resume` longtext,
  `kjwl_p_event` longtext,
  `kjwl_p_status` int(2) DEFAULT '1',
  `kjwl_p_datetime` timestamp NOT NULL DEFAULT CURRENT_TIMESTAMP ON UPDATE CURRENT_TIMESTAMP
) ENGINE=InnoDB DEFAULT CHARSET=utf8;

/*Data for the table `kjwl_pc_specific_person` */

insert  into `kjwl_pc_specific_person`(`kjwl_p_id`,`kjwl_p_graduateschool`,`kjwl_p_professional`,`kjwl_p_recordschool`,`kjwl_p_experience`,`kjwl_p_resume`,`kjwl_p_event`,`kjwl_p_status`,`kjwl_p_datetime`) values 
(1,'789','426','123','[{\"scontent\":\"798\"},{\"scontent\":\"123\"}]','\"<p>123456897+fghtyuhjv</p>\"','\"<p>ftyvhjdty+7891</p>\"',0,'2021-11-25 14:11:25'),
(2,'毕业院校','所学专业','最高学历','[{\"scontent\":\"教育经历1\"},{\"scontent\":\"教育经历2\"},{\"scontent\":\"教育经历3\"}]','\"<p>这是简历</p>\"','\"<p>这是重要事件</p>\"',0,'2021-11-25 14:11:25'),
(3,'青鸟','机修','克里斯托大学','[{\"scontent\":\"太阳花幼儿园\"},{\"scontent\":\"克里斯托\"}]','\"<p>这是大老板的简介：没有写</p>\"','\"<p>这是大老板的重要事件：不知道，还没编</p>\"',0,'2021-11-25 14:11:25'),
(4,'南京天纵易康生物科技股份有限公司','医药','本科','[{\"scontent\":\"南京\"},{\"scontent\":\"南京市江北新区星火路10号\"}]','\"<p>透明质酸创面防护凝胶敷料</p>\"','\"<p>适用于浅表面创面、手术术后切口会哦创面、机械创伤、。。。等等</p>\"',0,'2021-11-25 14:11:26'),
(5,'789','132','798','[{\"scontent\":\"dfgs\"}]','\"<p>sthh</p>\"','\"<p>45456</p>\"',0,'2021-11-25 14:11:27'),
(6,'潮州市潮安区','食品','本科','[{\"scontent\":\"广东\"},{\"scontent\":\"潮州\"}]','\"<p>无糖薄荷糖</p>\"','\"<p>无糖型压片糖果</p>\"',0,'2021-11-25 14:11:28'),
(7,'潮州','食品','本科','[{\"scontent\":\"广东\"},{\"scontent\":\"潮州\"},{\"scontent\":\"\"}]','\"<p>无糖薄荷糖（假的）</p>\"','\"<p>无糖型压片糖果（这个也是假的）</p>\"',0,'2021-11-25 14:11:28'),
(8,'毕业院校测试(*)','所学专业测试(*)','最高学历测试(*)','[{\"scontent\":\"教育经历1测试\"},{\"scontent\":\"教育经历3测试\"}]','\"<p>这是简历测试(*)</p>\"','\"<p>这是重要事件测试(*)</p>\"',0,'2021-11-25 14:11:29'),
(9,'-','-','-','[]','-','-',0,'2021-11-25 14:11:30'),
(10,'-','-','-','[]','-','-',0,'2021-11-25 14:11:30'),
(11,'-','-','-','[]','-','-',0,'2021-11-25 14:11:31'),
(12,'-','-','-','[]','-','-',0,'2021-11-25 14:11:32'),
(13,'-','-','-','[{\"scontent\":\"-\"}]','-','-',0,'2021-11-25 14:11:32'),
(14,'-','-','-','[{\"scontent\":\"-\"}]','\"<p>-</p>\"','\"<p>-</p>\"',0,'2021-11-25 14:11:33'),
(15,'-','-','-','[{\"scontent\":\"-\"}]','\"<p>-</p>\"','\"<p>-</p>\"',0,'2021-11-25 14:11:34'),
(16,'-','-','-','[{\"scontent\":\"-\"}]','\"<p>联动测试</p>\"','\"<p>联动测试<br/></p>\"',0,'2021-11-25 14:11:34'),
(17,'-','-','-','[{\"scontent\":\"-\"}]','\"<p>联动测试2<br/></p>\"','\"<p>联动测试2<br/></p>\"',0,'2021-11-25 14:11:35'),
(18,'-','-','-','[{\"scontent\":\"-\"}]','\"-\"','\"-\"',0,'2021-11-25 14:11:36'),
(19,'-','-','-','[{\"scontent\":\"-\"}]','\"<p>-</p>\"','\"<p>-</p>\"',0,'2021-11-25 14:11:37'),
(20,'中国人民解放军战略支援部队信息工程大学','毛泽东思想和中国特色社会主义理论体系概论','研究生','[{\"scontent\":\"132456879564123564897451325468754623154687845213\"},{\"scontent\":\"45613254645665454546\"}]','\"<p>-</p>\"','\"<p>-</p>\"',0,'2021-11-25 14:11:40'),
(21,'测试新改的标签类型的毕业院校','测试新改的标签类型的所学专业','测试新改的标签类型的最高学历','[{\"scontent\":\"测试新改的标签类型的教育经历\"}]','\"<p>测试新改的标签类型的简介</p>\"','\"<p>测试新改的标签类型的重要事件</p>\"',0,'2022-02-20 13:49:11'),
(22,'新的标签类型为空测试的毕业院校','新的标签类型为空测试的所学专业','新的标签类型为空测试的最高学历','[{\"scontent\":\"新的标签类型为空测试的教育经历\"}]','\"<p>新的标签类型为空测试的简介</p>\"','\"<p>新的标签类型为空测试的重要事件</p>\"',0,'2022-02-20 13:49:09'),
(23,'第一次人物测试的毕业院校','第一次人物测试的所学专业','第一次人物测试的最高学历','[{\"scontent\":\"第一次人物测试的教育经历111\"},{\"scontent\":\"第一次人物测试的教育经历222\"}]','\"<p>第一次人物测试简介</p>\"','\"<p>第一次人物测试重要事件</p>\"',0,'2022-02-20 13:49:08'),
(24,'第三次人物测试的毕业院校','第三次人物测试所学专业','第三次人物测试的最高学历','[{\"scontent\":\"第三次人物测试的教育经历\"},{\"scontent\":\"华南大学—本科--1990-1994\"}]','\"<p>第三次人物测试的简介</p>\"','\"<p>第三次人物测试的重要事件</p>\"',0,'2022-02-20 13:49:06'),
(25,'-','-','-','[{\"scontent\":\"-\"}]','\"<p>章燎原，男，1976年出生，安徽绩溪人。在电商界人称“松鼠老爹_章三疯”。实战派、革命派的草根战略营销者，擅长细分品牌定位、蓝海市场开拓。现任安徽三只松鼠电子商务有限公司创始人兼CEO；中国坚果协会高级专家；2011年度安徽优秀职业经理人，2012年度芜湖市创业富民先进典型；被评为2014年度“心动安徽·最美人物”提名奖、2014安徽年度十大经济人物等荣誉称号</p>\"','\"<p>-</p>\"',1,'2022-02-20 13:57:27'),
(26,'-','-','-','[{\"scontent\":\"-\"}]','\"<p>潘道伟，三只松鼠公司党委书记、行政总裁</p>\"','\"<p>-</p>\"',1,'2022-02-20 13:57:20'),
(27,'-','-','-','[{\"scontent\":\"-\"}]','\"<p>华为技术有限公司、华为投资控股有限公司法定代表人</p>\"','\"<p>-</p>\"',1,'2022-02-20 14:00:38'),
(28,'重庆大学','暖通专业','本科','[{\"scontent\":\"重庆大学-本科-1963年——1967年\"}]','\"<p>出生于1944年10月25日，父母是乡村中学教师，中、小学就读于贵州边远山区的少数民族县城，1963年就读于重庆建筑工程学院，毕业后就业于建筑工程单位。1974年为建设从法国引进的辽阳化纤总厂，应征入伍加入承担这项工程建设任务的基建工程兵，历任技术员、工程师、副所长（技术副团级），无军衔。在此期间，因作出重大贡献，1978年出席过全国科学大会，1982年出席中共第十二次全国代表大会。1983年随国家整建制撤销基建工程兵，而复员转业至深圳南海石油后勤服务基地，工作不顺利，转而在1987年集资21000元人民币创立华为公司，1988年任华为公司总裁，至今。</p>\"','\"<p>任正非先生关于企业“危机管理”的理论与实践曾在业内外产生过广泛影响，他的名篇佳作《华为的冬天》曾经被许多企业(尤其IT界)作为企业危机管理的范本。任正非励精图治十多年把华为建成了中国IT界的标杆企业，与国际著名企业一样成为众多名牌大学学子择业的首选企业之一。创办华为:任正非从部队转业后会选择一家电子公司，而在创办华为的时候会选择高科技含量的电信行业。1992年任正非孤注一掷投入C&amp;C08机的研发，虽然是形势所逼，也可以看出他对技术的重视。当时身处房地产热和股票热的核心地带，任正非不仅不为所动，而且对于股票和泡沫深恶痛绝。其实在他内心更多的是对知识、技术和直才实学的尊重。创办寒门学子基金:1997年我国改革高等教育制度，开始向学生收费，而配套的助学贷款又没跟上华为集团向教育部捐献了2500万元寒门学子基金。访问美国:青年时代的任正非，就是一个科学精神的追随者。1997年访问美国公司时，任正非在IBM任正非表现出更多的敬畏，而在贝尔实验室，则是十分高兴”2003年1月23日，思科正式起诉华为及华为美国分公司理由是后者对公司的产品进行了仿制，侵犯其知识产权。面对思科的打压，任正非一边在美国聘请律师应诉，一边着手结明思科在美国的死对头3COM公司。2003年3月，华为和当时已进入衰退期的3C0M公司宣布成立合资公司“华为三康”3COM公司的CEO专程作证华为没有侵犯思科的知识产权。最终，双方达成和解。2007年初，任正非致信IBM公司CEO彭明盛，希望IBM公司派出财务人员帮助华为实现财务管理模式的转型。2011年12月，任正非在华为内部论坛发布了《一江春水向东流》这篇文章，透露了华为的人人股份制。任正非透露，设计这个制度受了父母不自私、节俭、忍耐与慈爱的影响。任正非还创立了华为的CEO轮值制度，每人轮值半年。此举为避免公司成败系干一人，亦避免一朝天子一朝臣。2018年3月22日华为投资控股有限公司发布公告，任正非不再担任副董事长变为董事会成员。</p>\"',1,'2022-02-20 14:00:47'),
(29,'-','-','-','[{\"scontent\":\"-\"}]','\"<p>万飚，新荣耀董事长。曾任华为终端CEO；华为俄罗斯片区担任负责人；2016年5月，担任华为移动宽带和家庭产品线总裁。2020年，出任新荣耀董事长。</p>\"','\"<p>-</p>\"',1,'2022-02-28 14:38:30'),
(30,'-','-','-','[{\"scontent\":\"-\"}]','\"<p>万飚，新荣耀董事长。曾任华为终端CEO；华为俄罗斯片区担任负责人；2016年5月，担任华为移动宽带和家庭产品线总裁。2020年，出任新荣耀董事长。</p>\"','\"<p>-</p>\"',1,'2022-02-28 14:38:30'),
(31,'中欧国际工商学院','-','EMBA','[{\"scontent\":\"-\"}]','\"<p>董明珠，珠海格力电器股份有限公司董事长。出生于江苏南京，企业家，先后毕业于安徽芜湖职业技术学院、中南财经政法大学EMBA2008级、中国社会科学院经济学系研究生班、中欧国际工商学院EMBA。 1990年进入格力做业务经理。1994年开始相继任珠海格力电器股份有限公司经营部部长、副总经理、副董事长。并在2012年5月，被任命为格力集团董事长。连任第十届、第十一届和第十二届、十三届全国人大代表，担任民建中央常委、广东省女企业家协会副会长、珠海市红十字会荣誉会长等职务。 2016年10月18日，董明珠卸任珠海格力集团有限公司董事长、董事、法定代表人职务。继续担任珠海格力电器股份有限公司董事长、总裁。</p>\"','\"<p>1990年，董明珠应聘到当时名为海利空调器厂的格力电器，成为了一名基层业务员。一开始不知营销为何物。凭借坚毅和“难缠“，连续40天追讨前任留下的42万元债款，成为营销界茶余饭后的经典故事。1992年，凭着勤奋和诚恳，董明珠在安徽的销售额突破1600万元，占整个公司的1/随后，被调往几乎没有一丝市场裂缝的南京。隆冬季节，神话般签下了一张200万元的空调单子。一年内，个人销售额上窜至3650万元。自1994年底出任经营部部长以来，领导的格力电器从1995年至2005年，连续11年空调产销量、销售收入、市场占有率均居全国首位。2003年以后，销售额每年均以30%的速度增长，净利润保持15%以上的增幅。</p>\"',1,'2022-03-11 11:40:09'),
(32,'-','-','-','[{\"scontent\":\"华中科技大学——本科——（1983年—1986年）\"}]','\"<p>谭建明先生,硕士研究生学历,现任珠海格力电器股份有限公司总工程师、副总裁。1982年至1986年在华中科技大学制冷与低温技术专业学习并获学士学位,1986年至1989年在华中科技大学制冷与低温技术专业继续深造并获得硕士学位,1989年毕业后即加入珠海格力电器股份有限公司工作,历任设计员、部长、总裁助理、副总工程师等职务。2017年8月至今,任珠海格力电器股份有限公司总工程师、副总裁。</p>\"','\"<p>-</p>\"',1,'2022-03-11 15:02:24'),
(33,'华南理工大学','机械系','MBA','[{\"scontent\":\"华南理工大学——MBA——（1966年—1970年）\"}]','\"<p>朱江洪是广东省人大代表，曾被国务院授予“全国劳动模范”荣誉称号。并先后被华南理工大学、西北大学聘为客座教授。2001年4月至今任格力电器董事长。<br/></p>\"','\"<p>估计在所有家电企业最高领导人中，朱江洪是最为低调的一个，以至于不少人认为他只是傀儡，作为总裁的董明珠才是格力的”女皇“。从表面上看，这样的看法似乎并没有不妥，一直以来，站在媒体和经销商第一线的都是董明珠——作为董事长的朱江洪则很少出现；另一个可以作为佐证的是，在2007年底的一次股权激励中，董明珠获得的股权与朱江洪相差无几。但是，在熟悉朱江洪的人看来，这恰好是任人唯贤的表现。事实上，朱江洪并不是一软弱之人，这在格力与其大股东格力集团的”父子“之争中可见一斑，这场纷争最终以朱江洪兼任格力集团董事长、总裁和党委书记，彻底接管格力集团而告终。而在格力电器内部，即便是有铁娘子之称的董明珠，也很少和朱江洪爆出激烈冲突，这足以说明朱江洪在格力电器内的地位。或许，这就是格力空调能不被大势左右，稳居空调行业老大地位的秘密。</p>\"',1,'2022-03-11 11:39:50'),
(34,'-','-','-','[{\"scontent\":\"-\"}]','\"-\"','\"-\"',1,'2022-03-11 15:29:33');

/*Table structure for table `kjwl_pc_user` */

DROP TABLE IF EXISTS `kjwl_pc_user`;

CREATE TABLE `kjwl_pc_user` (
  `kjwl_u_id` int(10) NOT NULL AUTO_INCREMENT,
  `kjwl_u_name` varchar(20) DEFAULT NULL,
  `kjwl_u_account` int(10) DEFAULT NULL,
  `kjwl_u_password` varchar(20) DEFAULT NULL,
  `kjwl_u_portrait` varchar(100) DEFAULT NULL,
  `kjwl_u_birthdate` date DEFAULT NULL,
  `kjwl_u_sex` varchar(10) DEFAULT NULL,
  `kjwl_u_identity` int(2) DEFAULT NULL,
  `kjwl_u_phone` varchar(20) DEFAULT NULL,
  `kjwl_u_email` varchar(30) DEFAULT NULL,
  `kjwl_u_status` int(2) DEFAULT NULL,
  `kjwl_u_datetime` timestamp NOT NULL DEFAULT CURRENT_TIMESTAMP ON UPDATE CURRENT_TIMESTAMP,
  PRIMARY KEY (`kjwl_u_id`)
) ENGINE=InnoDB AUTO_INCREMENT=22 DEFAULT CHARSET=utf8;

/*Data for the table `kjwl_pc_user` */

insert  into `kjwl_pc_user`(`kjwl_u_id`,`kjwl_u_name`,`kjwl_u_account`,`kjwl_u_password`,`kjwl_u_portrait`,`kjwl_u_birthdate`,`kjwl_u_sex`,`kjwl_u_identity`,`kjwl_u_phone`,`kjwl_u_email`,`kjwl_u_status`,`kjwl_u_datetime`) values 
(1,'小红',1234567890,'123456',NULL,'1999-04-14','女',1,'18978951265','456789123@qq.com',1,'2021-07-20 10:03:23'),
(2,'小明',1234567891,'987456',NULL,'1993-08-21','男',1,'15648975264','789456123@qq.com',0,'2021-07-20 10:03:51'),
(3,'小刚',1234567892,'011qaz',NULL,'1999-10-17','男',1,'13945678541','741852963@136.com',1,'2021-07-20 10:03:24'),
(4,'yiyi已',1294784589,'123456','http://localhost:8000/upload_6e836f8823f89fed806a48875036e10e.png','1995-11-24','女',2,'15504651239','1234784569@qq.com',1,'2021-11-26 14:50:11'),
(5,'erer',1234567893,'qazwsx','http://localhost:8000/头像.png','1979-12-14','女',2,'12345698720','7898529634@163.com',1,'2021-07-20 10:03:26'),
(6,'sansan',1234567894,'123456','http://localhost:8000/头像.png','2021-07-25','男',1,'12345698554','123@456.com',1,'2021-07-20 10:03:27'),
(7,'思思',1234567895,'123456','http://localhost:8000/头像.png','1999-07-14','女',1,'12345678952','4897@1564qq.com',1,'2021-07-20 10:03:45'),
(8,'liuliu',1234567896,'123456','http://localhost:8000/头像.png','1999-08-12','女',2,'12345678952','123@789.com',1,'2021-07-20 10:03:28'),
(9,'qiqi',1234567897,'123456','http://localhost:8000/头像.png','2021-07-18','女',1,'13245678952','1345@qq.com',0,'2021-07-20 10:33:04'),
(10,'baba',1234567898,'123456','http://localhost:8000/upload_e1b154a061acf9c3797b3722481693ab.png','2021-07-19','男',2,'15498256215','4564@ww.com',1,'2021-11-13 14:45:08'),
(11,'小五',1234567899,'123456','http://localhost:8000/头像.png','2021-07-29','女',1,'16547845134','4654@dd.com',1,'2021-07-30 14:54:10'),
(12,'ruoruo',1234567900,'123456','http://localhost:8000/头像.png','2021-07-26','女',2,'18946513215','7895@dd.com',1,'2021-07-30 15:03:23'),
(13,'滴滴',1234567901,'123456','http://localhost:8000/头像.png','2021-07-04','男',1,'15646523898','512@ss.com',1,'2021-07-30 15:03:56'),
(14,'覅覅',1234657902,'123456','http://localhost:8000/头像.png','2021-07-14','男',1,'14986236545','4513@ff.com',0,'2021-11-17 10:13:20'),
(15,'虎虎',1234567903,'123456','http://localhost:8000/头像.png','2021-06-29','男',2,'16723657984','4654@hh.com',1,'2021-07-30 15:07:35'),
(16,'思思',1234567904,'123456','http://localhost:8000/头像.png','2021-07-07','男',1,'17946523654','456@ss.com',1,'2021-07-30 15:10:18'),
(17,'无无',1234567905,'123456','http://localhost:8000/头像.png','2021-07-01','男',2,'14894652685','1654@ww.com',1,'2021-07-30 15:15:19'),
(18,'六六',1234567906,'123456','http://localhost:8000/头像.png','2021-08-25','女',1,'14846548955','123@qq.com',1,'2021-08-25 11:34:32'),
(19,'七七七',1234567907,'123456','http://localhost:8000/头像.png','2021-08-30','女',1,'15468974654','123@qqq.com',1,'2021-08-30 11:23:53'),
(20,'测试1',1234567908,'123456','http://localhost:8000/头像.png','2021-11-17','男',2,'15547896123','123@11.com',1,'2021-11-17 10:12:00'),
(21,'ceshi中英文',1234567909,'654321','http://localhost:8000/头像.png','2021-11-26','女',2,'15547896321','123@11.com',1,'2022-02-18 09:50:23');

/*Table structure for table `kjwl_yd_user` */

DROP TABLE IF EXISTS `kjwl_yd_user`;

CREATE TABLE `kjwl_yd_user` (
  `kjwl_yu_id` int(10) NOT NULL AUTO_INCREMENT,
  `kjwl_yu_portrait` varchar(100) DEFAULT NULL,
  `kjwl_yu_account` varchar(20) DEFAULT NULL,
  `kjwl_yu_name` varchar(20) DEFAULT NULL,
  `kjwl_yu_password` varchar(20) DEFAULT NULL,
  `kjwl_yu_privilege` int(2) DEFAULT '1',
  `kjwl_yu_privilegetime` datetime DEFAULT '0000-00-00 00:00:00',
  `kjwl_yu_phone` varchar(11) DEFAULT NULL,
  `kjwl_yu_email` varchar(30) DEFAULT NULL,
  `kjwl_yu_signature` varchar(100) DEFAULT NULL,
  `kjwl_yu_status` int(2) DEFAULT '1',
  `kjwl_yu_datetime` timestamp NOT NULL DEFAULT CURRENT_TIMESTAMP ON UPDATE CURRENT_TIMESTAMP,
  PRIMARY KEY (`kjwl_yu_id`)
) ENGINE=InnoDB AUTO_INCREMENT=24 DEFAULT CHARSET=utf8;

/*Data for the table `kjwl_yd_user` */

insert  into `kjwl_yd_user`(`kjwl_yu_id`,`kjwl_yu_portrait`,`kjwl_yu_account`,`kjwl_yu_name`,`kjwl_yu_password`,`kjwl_yu_privilege`,`kjwl_yu_privilegetime`,`kjwl_yu_phone`,`kjwl_yu_email`,`kjwl_yu_signature`,`kjwl_yu_status`,`kjwl_yu_datetime`) values 
(1,'http://localhost:8000/upload_2502b8e5bda6d482b1792ae810bded6b.png','1234657890','用户1更改','123456',1,'0000-00-00 00:00:00','15514789632','111@11.cn','这是用户1更改',1,'2022-02-07 19:09:16'),
(2,'http://localhost:8000/头像.png','1234567891','用户2','1234567',1,'2021-08-30 00:00:00','15712345678','234@qq.com','这是用户2',1,'2022-02-07 15:06:08'),
(3,'http://localhost:8000/头像.png','1234567982','用户3','12345678',1,'0000-00-00 00:00:00','12345678902','345@qq.com','这是用户3',1,'2021-08-27 17:29:20'),
(4,'http://localhost:8000/头像.png','1234567893','用户4','123456789',1,'2021-09-30 18:05:09','12345678903','456@qq.com','这是用户4',1,'2021-11-16 21:01:38'),
(5,'http://localhost:8000/头像.png','1234567894','用户5','123456',1,'2021-09-27 00:00:00','12346579804','567@qq.com','这是用户5',1,'2021-11-16 21:15:55'),
(6,'http://localhost:8000/头像.png','1234657985','用户6','132456',2,'2022-02-28 21:14:14','12345678905','678@qq,com','这是用户6',1,'2022-02-07 19:14:42'),
(7,'http://localhost:8000/头像.png','1234567896','用户7','123456',1,'0000-00-00 00:00:00','13246578906','789@qq.com','这是用户7',1,'2021-08-27 17:29:19'),
(8,'http://localhost:8000/头像.png','1234567897','用户8','123465',1,'2021-10-07 15:13:14','12345678907','891@qq.com','这是用户8',1,'2021-11-16 21:02:09'),
(9,'http://localhost:8000/头像.png','1234657898','用户9','1234678',1,'0000-00-00 00:00:00','12345678908','912@qq.com','这是用户9',1,'2021-08-27 17:29:18'),
(23,'http://localhost:8000/头像.png','4814477071','15812698547','123456',1,'0000-00-00 00:00:00','15812698547','1@1123.com',NULL,1,'2022-01-22 11:52:49');

/*Table structure for table `qyss_pc_label` */

DROP TABLE IF EXISTS `qyss_pc_label`;

CREATE TABLE `qyss_pc_label` (
  `qyss_l_id` int(3) NOT NULL AUTO_INCREMENT,
  `qyss_l_name` varchar(20) DEFAULT NULL,
  `qyss_l_hierarchy` int(2) DEFAULT NULL,
  `qyss_l_parent` int(2) DEFAULT NULL,
  `qyss_l_children` int(2) DEFAULT '0',
  `qyss_l_status` int(2) DEFAULT '1',
  `qyss_l_datatime` timestamp NOT NULL DEFAULT '0000-00-00 00:00:00' ON UPDATE CURRENT_TIMESTAMP,
  PRIMARY KEY (`qyss_l_id`)
) ENGINE=InnoDB AUTO_INCREMENT=102 DEFAULT CHARSET=utf8;

/*Data for the table `qyss_pc_label` */

insert  into `qyss_pc_label`(`qyss_l_id`,`qyss_l_name`,`qyss_l_hierarchy`,`qyss_l_parent`,`qyss_l_children`,`qyss_l_status`,`qyss_l_datatime`) values 
(1,'农/林/牧/渔业',1,NULL,4,1,'2021-12-07 11:39:10'),
(2,'家用电器',1,NULL,4,1,'2021-12-07 11:39:18'),
(3,'制造业',1,NULL,6,1,'2021-12-14 15:32:50'),
(4,'房地产业',1,NULL,3,1,'2021-12-07 11:39:34'),
(5,'信息传输、计算机和软件业',1,NULL,4,1,'2021-12-07 11:39:42'),
(6,'农业',2,1,0,1,'2021-11-06 14:59:13'),
(7,'林业',2,1,0,1,'2021-11-06 15:12:27'),
(8,'畜牧业',2,1,0,1,'2021-11-06 15:13:24'),
(9,'渔业',2,1,0,1,'2021-11-06 15:13:26'),
(10,'彩电/冰箱/空调',2,2,0,1,'2021-11-06 15:34:01'),
(11,'厨卫家电',2,2,0,1,'2021-11-06 15:34:05'),
(12,'影音家电',2,2,0,1,'2021-11-06 15:34:15'),
(13,'家电销售/维修',2,2,0,1,'2021-11-06 15:34:18'),
(14,'农副食品加工业',2,3,4,1,'2021-12-07 11:39:52'),
(15,'焙烧食品制造',2,3,7,1,'2021-12-07 11:40:05'),
(16,'饮料制造',2,3,3,1,'2021-12-13 19:23:09'),
(17,'烟草制造',2,3,0,1,'2021-11-06 16:07:05'),
(18,'纺织服装、鞋、帽制造',2,3,5,1,'2021-12-07 11:40:41'),
(19,'造纸及纸制品',2,3,0,1,'2021-11-06 16:07:09'),
(20,'房地产开发经营',2,4,2,1,'2021-12-07 11:40:51'),
(21,'建筑安装',2,4,0,1,'2021-11-06 16:21:10'),
(22,'建筑装饰',2,4,0,1,'2021-11-06 16:21:14'),
(23,'电信和其他信息传输服务',2,5,2,1,'2021-12-07 11:41:02'),
(24,'计算机业',2,5,4,1,'2021-12-07 11:41:12'),
(25,'软件业',2,5,1,1,'2021-11-13 16:52:36'),
(26,'手机/通讯',2,5,2,1,'2021-12-07 11:41:20'),
(27,'植物油',3,14,0,1,'2021-11-06 16:34:53'),
(28,'制糖',3,14,0,1,'2021-11-06 16:34:56'),
(29,'调味料',3,14,0,1,'2021-11-06 16:34:58'),
(30,'其他农副食品',3,14,0,1,'2021-11-06 16:35:00'),
(31,'糕点、面包',3,15,0,1,'2021-11-06 16:53:48'),
(32,'饼干及其他焙烤食品',3,15,0,1,'2021-11-06 16:53:50'),
(33,'糖果巧克力及蜜饯',3,15,0,1,'2021-11-06 16:53:52'),
(34,'方便食品',3,15,0,1,'2021-11-06 16:53:54'),
(35,'液体乳及乳制品',3,15,0,1,'2021-11-06 16:53:56'),
(36,'罐头',3,15,0,1,'2021-11-06 16:53:58'),
(37,'其他食品',3,15,0,1,'2021-11-06 16:54:00'),
(38,'酒',3,16,0,1,'2021-11-06 17:04:53'),
(39,'饮料/乳液',3,16,0,1,'2021-12-14 15:32:36'),
(40,'茶',3,16,0,1,'2021-11-06 17:04:58'),
(41,'服装/服饰',3,18,0,1,'2021-11-06 17:17:32'),
(42,'纺织原料',3,18,0,1,'2021-11-06 17:17:34'),
(43,'纺织/化纤',3,18,0,1,'2021-11-06 17:17:36'),
(44,'鞋/帽/箱/包',3,18,0,1,'2021-11-06 17:17:38'),
(45,'皮革/毛皮/羽绒',3,18,0,1,'2021-11-06 17:17:41'),
(46,'房产策划/经营/开发',3,20,0,1,'2021-11-06 17:23:54'),
(47,'物业管理',3,20,0,1,'2021-11-06 17:23:56'),
(48,'电信',3,23,0,1,'2021-11-06 17:24:26'),
(49,'互联网信息',3,23,0,1,'2021-11-06 17:24:28'),
(50,'电脑/笔记本/服务器',3,24,0,1,'2021-11-06 17:28:18'),
(51,'计算机维护/维修/数据恢复',3,24,0,1,'2021-11-06 17:28:21'),
(52,'电子商务/互联网信息服务',3,24,0,1,'2021-11-06 17:28:22'),
(53,'计算机系统/网络系统工程',3,24,0,1,'2021-11-06 17:28:24'),
(54,'软件/系统集成',3,25,0,1,'2021-11-06 17:30:49'),
(55,'电信运营商/通信服务提供商',3,26,0,1,'2021-11-06 17:31:39'),
(56,'固话/手机/相关配件',3,26,0,1,'2021-11-06 17:31:42'),
(62,'自定义一级菜单',1,NULL,2,0,'2021-12-14 15:34:12'),
(63,'自定义二级菜单',2,62,1,1,'0000-00-00 00:00:00'),
(64,'自定义三级菜单',3,63,1,1,'2021-12-13 20:32:36'),
(65,'制造业下的二级菜单',2,3,1,0,'2021-12-14 15:32:50'),
(66,'制造业下的三级菜单',3,65,0,1,'0000-00-00 00:00:00'),
(68,'自定义2-1菜单',2,62,2,1,'2021-12-14 14:57:04'),
(69,'自定义3-1菜单',3,68,1,1,'2021-12-14 14:55:50'),
(70,'自定义3-2菜单',3,68,0,1,'0000-00-00 00:00:00'),
(72,'牛奶',4,39,1,0,'2021-12-14 15:32:36'),
(73,'养乐多',5,72,0,1,'0000-00-00 00:00:00'),
(74,'维他奶',5,72,0,1,'2021-12-14 15:32:18'),
(75,'4-1菜单',4,64,2,1,'2021-12-14 14:58:33'),
(76,'第五级标签',5,75,0,1,'0000-00-00 00:00:00'),
(77,'5-2标签',5,75,0,1,'0000-00-00 00:00:00'),
(78,'4-1级菜单',4,69,0,1,'0000-00-00 00:00:00'),
(79,'自定义1-1标签',1,NULL,1,0,'2021-12-15 10:04:39'),
(80,'二级1-1标签',2,79,2,1,'2021-12-15 10:02:12'),
(81,'三级1-1标签',3,80,0,1,'0000-00-00 00:00:00'),
(82,'三级1-2标签',3,80,0,1,'0000-00-00 00:00:00'),
(83,'1-19999',1,NULL,0,0,'2021-12-20 20:27:30'),
(84,'修改',1,NULL,0,0,'2022-01-22 11:46:49'),
(85,'1',1,NULL,1,1,'2022-03-11 11:20:49'),
(86,'11',2,85,1,1,'0000-00-00 00:00:00'),
(87,'111',3,86,1,1,'0000-00-00 00:00:00'),
(88,'1111',4,87,1,1,'0000-00-00 00:00:00'),
(89,'11111',5,88,0,1,'0000-00-00 00:00:00'),
(90,'新闻标签',1,NULL,11,1,'2022-03-11 11:32:55'),
(91,'格力',2,90,0,1,'0000-00-00 00:00:00'),
(92,'双碳',2,90,0,1,'0000-00-00 00:00:00'),
(93,'全国人大代表',2,90,0,1,'0000-00-00 00:00:00'),
(94,'用电',2,90,0,1,'0000-00-00 00:00:00'),
(95,'董明珠',2,90,0,1,'0000-00-00 00:00:00'),
(96,'雷军',2,90,0,1,'0000-00-00 00:00:00'),
(97,'小米',2,90,0,1,'0000-00-00 00:00:00'),
(98,'手机',2,90,0,1,'0000-00-00 00:00:00'),
(99,'股价下跌',2,90,0,1,'0000-00-00 00:00:00'),
(100,'高瓴资本',2,90,0,1,'0000-00-00 00:00:00'),
(101,'贷款',2,90,0,1,'0000-00-00 00:00:00');

/*Table structure for table `qyss_yd_collect_enterprise` */

DROP TABLE IF EXISTS `qyss_yd_collect_enterprise`;

CREATE TABLE `qyss_yd_collect_enterprise` (
  `kjwl_yu_id` int(3) NOT NULL,
  `kjwl_e_id` int(3) NOT NULL,
  `qyss_ce_status` int(2) DEFAULT '1',
  `qyss_ce_datetime` timestamp NOT NULL DEFAULT CURRENT_TIMESTAMP
) ENGINE=InnoDB DEFAULT CHARSET=utf8;

/*Data for the table `qyss_yd_collect_enterprise` */

insert  into `qyss_yd_collect_enterprise`(`kjwl_yu_id`,`kjwl_e_id`,`qyss_ce_status`,`qyss_ce_datetime`) values 
(1,31,1,'2022-02-21 14:18:43');

/*Table structure for table `qyss_yd_collect_person` */

DROP TABLE IF EXISTS `qyss_yd_collect_person`;

CREATE TABLE `qyss_yd_collect_person` (
  `kjwl_yu_id` int(3) NOT NULL,
  `kjwl_p_id` int(3) NOT NULL,
  `qyss_cp_status` int(2) DEFAULT '1',
  `qyss_cp_datetime` timestamp NOT NULL DEFAULT CURRENT_TIMESTAMP
) ENGINE=InnoDB DEFAULT CHARSET=utf8;

/*Data for the table `qyss_yd_collect_person` */

insert  into `qyss_yd_collect_person`(`kjwl_yu_id`,`kjwl_p_id`,`qyss_cp_status`,`qyss_cp_datetime`) values 
(1,28,1,'2022-02-21 14:18:50');

/*Table structure for table `qyss_yd_search_history` */

DROP TABLE IF EXISTS `qyss_yd_search_history`;

CREATE TABLE `qyss_yd_search_history` (
  `qyss_yu_id` int(5) NOT NULL,
  `qyss_yu_name` varchar(20) DEFAULT NULL,
  `qyss_sh_sterm` longtext,
  `qyss_sh_type` int(2) DEFAULT NULL,
  `qyss_sh_status` int(2) DEFAULT '1',
  `qyss_sh_datetime` timestamp NULL DEFAULT CURRENT_TIMESTAMP
) ENGINE=InnoDB DEFAULT CHARSET=utf8;

/*Data for the table `qyss_yd_search_history` */

insert  into `qyss_yd_search_history`(`qyss_yu_id`,`qyss_yu_name`,`qyss_sh_sterm`,`qyss_sh_type`,`qyss_sh_status`,`qyss_sh_datetime`) values 
(1,'用户1','[{\"label\":\"公司\"},{\"label\":\"华为\"},{\"label\":\"华为\"}]',0,1,NULL),
(1,'用户1','[{\"label\":\"万飚\"},{\"label\":\"章燎源\"}]',1,1,'2022-01-31 17:21:52'),
(1,'用户1','[{\"label\":\"三只松鼠\"}]',2,1,'2022-02-07 13:52:47'),
(2,'用户2','[{\"label\":\"123\"}]',0,1,'2022-02-07 15:06:42');

/*Table structure for table `qyss_yd_user_feedback` */

DROP TABLE IF EXISTS `qyss_yd_user_feedback`;

CREATE TABLE `qyss_yd_user_feedback` (
  `qyss_uf_id` int(3) NOT NULL,
  `qyss_uf_phone` varchar(12) DEFAULT NULL,
  `qyss_uf_content` longtext,
  `kjwl_e_id` int(3) DEFAULT NULL,
  `kjwl_p_id` int(3) DEFAULT NULL,
  `qyss_uf_datetime` timestamp NOT NULL DEFAULT CURRENT_TIMESTAMP
) ENGINE=InnoDB DEFAULT CHARSET=utf8;

/*Data for the table `qyss_yd_user_feedback` */

insert  into `qyss_yd_user_feedback`(`qyss_uf_id`,`qyss_uf_phone`,`qyss_uf_content`,`kjwl_e_id`,`kjwl_p_id`,`qyss_uf_datetime`) values 
(1,'15514789632','\"<p>我没有什么意见</p>\"',NULL,NULL,'2022-02-20 14:08:28'),
(23,'15812698547','\"<p>这是我的一点建议，希望采纳</p>\"',NULL,NULL,'2022-02-20 14:09:16'),
(1,'15514789632','\"<p>企业纠错</p>\"',32,NULL,'2022-02-28 15:59:41'),
(1,'15514789632','\"<p>人物纠错</p>\"',NULL,29,'2022-02-28 16:07:22'),
(1,'15514789632','\"<p>普通的意见反馈</p>\"',NULL,NULL,'2022-02-28 16:08:40');

/*Table structure for table `test` */

DROP TABLE IF EXISTS `test`;

CREATE TABLE `test` (
  `id` int(2) NOT NULL AUTO_INCREMENT,
  `url` varchar(100) DEFAULT NULL,
  PRIMARY KEY (`id`)
) ENGINE=InnoDB AUTO_INCREMENT=26 DEFAULT CHARSET=utf8;

/*Data for the table `test` */

insert  into `test`(`id`,`url`) values 
(22,'http://localhost:8000/upload_7a108cbdb712c319b6a14bd6be325668.png'),
(23,'http://localhost:8000/upload_e50e844afa3661985c9af971bd5e3953.png'),
(24,'http://localhost:8000/upload_c0d739b738e16e4b45f8f9e35c098480.png'),
(25,'http://localhost:8000/upload_fd20672fd8e9c7981364c239b55904f8.png');

/*Table structure for table `test_editor` */

DROP TABLE IF EXISTS `test_editor`;

CREATE TABLE `test_editor` (
  `id` int(2) NOT NULL AUTO_INCREMENT,
  `content` longtext,
  `num` int(11) DEFAULT NULL,
  PRIMARY KEY (`id`)
) ENGINE=InnoDB AUTO_INCREMENT=7 DEFAULT CHARSET=utf8;

/*Data for the table `test_editor` */

insert  into `test_editor`(`id`,`content`,`num`) values 
(2,'\"<p>用 JS 设置的内容</p><p>456+gib</p>\"',NULL),
(3,'\"<p>用 JS 设置的内容2134546513</p>\"',NULL),
(4,'\"<p>这是设置的内容</p>\"',NULL),
(5,'\"<p>4657892315</p>\"',NULL),
(6,'\"<p>当地时间8月19日，阿富汗塔利班发言人扎比胡拉·穆贾希德在社交网站发表声明，在阿富汗脱离英国统治、独立102周年纪念日之际，<a href=\\\"https://s.weibo.com/weibo?q=%23%E5%A1%94%E5%88%A9%E7%8F%AD%E5%AE%A3%E5%B8%83%E6%88%90%E7%AB%8B%E9%98%BF%E5%AF%8C%E6%B1%97%E4%BC%8A%E6%96%AF%E5%85%B0%E9%85%8B%E9%95%BF%E5%9B%BD%23\\\" target=\\\"_blank\\\">#塔利班宣布成立阿富汗伊斯兰酋长国#</a>。<br/><br/>当地时间8月17日，接管首都喀布尔的第三天，阿富汗塔利班举行了首场新闻发布会。塔利班发言人扎比胡拉·穆贾希德表示：“在解放全国后，我们对任何人都没有敌视政策，我们大赦所有组织的反对者，因为我们不再想要战争。”<br/><br/>在这场备受瞩目的发布会上，穆贾希德回应了众多阿富汗民众和国际社会关注的问题，并作出了一系列承诺，包括保障女性权益、建立包容性政府、不对其他国家构成威胁等。他表示，“阿富汗是一个穆斯林国家，不管是20年前还是现在”，但考虑到一路走来的经验，“我们和20年前相比有了巨大的变化”。<br/><br/>塔利班入主喀布尔后，将打造一个怎样的政权？对于饱受战争苦难的阿富汗人民，迎来的将是怎样的命运？南方+记者连线多位专家进行解读。<br/><br/><img src=\\\"https://img.t.sinajs.cn/t4/appstyle/expression/ext/normal/76/hot_star171109_org.png\\\" alt=\\\"[星星]\\\"/>建立包容性政府？仍存不确定性<br/>在塔利班宣布胜利之际，许多阿富汗人想方设法逃离这个国家。据央视新闻报道，目前喀布尔街头商店行人稀少，大部分民众倾向于待在家中，街上到处是塔利班设立的检查站并主动去询问民众的担忧。而喀布尔机场的情况仍然混乱，众多阿富汗民众和外国人争相逃离阿富汗。<br/><br/>阿富汗民众的恐慌来源于20年前。<br/><br/>1996年9月，塔利班攻占喀布尔，宣布成立“阿富汗伊斯兰酋长国”，在阿富汗实行了严酷统治，人们生活的方方面面充满禁忌：妇女被重重纱布包裹，只准露出两只眼睛，不得参加任何社会活动或受教育；男人不得剃胡子或留“美国式”发型；旅馆、饭店除宗教歌曲外，其他音乐一律不得播放……<br/><br/>20年后重掌政权，塔利班迫切想证明自己的改变。塔利班发言人沙欣曾表示，塔利班将组建一个“包容性的阿富汗政府”。穆贾希德在谈到组建政府的问题时也表示，塔利班将“组建一个有各方参与的‘伊斯兰政府’”，对于法律等问题的制定则需要等新政府成立后再具体商榷。<br/><br/>对于这一承诺，兰州大学阿富汗研究中心主任朱永彪教授表示，其实现的可能性是很大的。实际上，建立包容性政府不仅是塔利班的诉求，也是其他政治派别的共同诉求，同时也是国际社会对阿富汗新政府的希望，但是这种包容性具体能够执行到什么程度仍存较大不确定性。<br/><br/>“需要注意的是，塔利班所谓的包容性政府，前提是以遵循伊斯兰教法为基础的。”西北大学中东研究所副教授王晋提醒，在传统伊斯兰政治理念里，伊斯兰本身具有包容性，但这种包容性和现代政治制度倡导的民主、开放、男女平等等包容性理念并不相同，是遵循伊斯兰教法的基础上实施的一种社会治理。<br/><br/><img src=\\\"https://img.t.sinajs.cn/t4/appstyle/expression/ext/normal/76/hot_star171109_org.png\\\" alt=\\\"[星星]\\\"/>允许女性工作和学习？在伊斯兰范围内<br/>一直以来，阿富汗的妇女权益问题备受关注。自1996年塔利班占领喀布尔并掌权的5年间，阿富汗妇女在法律上被拒之于学校大门之外，无法外出工作，全身需要罩在连帽长袍中……<br/><br/>因此，20年后，塔利班再次进入喀布尔，许多阿富汗女性表达了对未来的担忧。对此，塔利班正试图将自身塑造成更加温和的形象，穆贾希德称，未来将允许女性在新的框架下工作和学习。<br/><br/>据环球网报道，塔利班在首场记者会承诺：“妇女将享有一切权利，无论是在工作还是其他活动中，我们保证妇女在伊斯兰范围内的所有权利。”塔利班表示已经准备好“为妇女提供工作和学习的环境”，但对于实际操作中如何保障女性权利，穆贾希德并未做出解释。<br/><br/>塔利班能否兑现这个承诺？或者只是塔利班掌权的权衡之计？<br/><br/>在朱永彪教授看来，在保障妇女权利上，塔利班确实表现出比以往更进步的态度，但其核心没有改变。因此，保障妇女权利具体能履行到什么程度，是否会出现反复和反弹，仍然具有很大的不确定性。<br/><br/>王晋表示，与20年前相比，塔利班主动提出允许妇女工作和学习，这是一个好的开始。但未来是否能真正推行，地方的军政领袖在实践中能否遵循等都存在问题。另外一个层面，塔利班所强调的学习，是指现代化知识还是学习宗教规则和知识、允许妇女参加的工作定义是什么，也需要进一步观察。<br/><br/>王晋解释，在一些相对保守的国家，女性也可以工作和学习，但是工作和学习限定在某些特定领域，并不是像外界所理解或期待的女性可以自由工作、自由学习。“我认为，塔利班在妇女问题上进步的幅度是在一定范围的。”<br/><br/><img src=\\\"https://img.t.sinajs.cn/t4/appstyle/expression/ext/normal/76/hot_star171109_org.png\\\" alt=\\\"[星星]\\\"/>守江山难：未来仍需获得国际和民众认可<br/><br/>“打江山易，守江山难”。对于长期处于战乱局面的阿富汗来说，塔利班能否坐稳江山，带领阿富汗人民走向和平与发展，仍面临不少威胁，其中，如何获得国际和其他国家对其政权的认可，是塔利班掌权必须面临的问题。<br/><br/>阿富汗是否还会成为恐怖主义滋生的温床，进而威胁到其他国家的安全？事实上，塔利班基本控制阿富汗全国后，各国政府人士以及国际社会对阿富汗未来的发展表示担忧。<br/><br/>据央视网报道，穆贾希德表示：“我们向包括美国在内的全世界做出保证，阿富汗绝对不会对包括地区邻国在内的其他国家构成威胁，我们保证绝不允许任何势力利用阿富汗领土做危害邻国等其他任何国家的事情。”<br/><br/>在朱永彪教授看来，塔利班主导组建的新政府能否获得其他国家的认可，还要看其所承诺的组建包容性政府、妇女权利保障、与恐怖主义的联系、禁止毒品生产等承诺是否能够兑现以及兑现的程度。<br/><br/>王晋则认为，总体上看，阿富汗塔利班展现出一个比较积极的状态，他们希望和外界接触，但这种接触必然会带来很多困难，其奉行伊斯兰经典政治理念并以此指导其政治实践，与西方国家一贯强调的人权、民主、妇女保护、少数民族保护等理念存在根本上的分歧，未来双方的冲突难以避免。<br/><br/>对于阿富汗国内，塔利班主导组建的新政府如何调和国内的矛盾，赢得民众信任、获得民众认同，也是不可回避的一大难题。<br/><br/>朱永彪认为，塔利班要想获得民众认同，首先需要改良自己、去“极端化”；其次是要‍‍保障民生，发展经济，提供更多工作岗位；还需要发展公益性事业，提供一个更安全的社会发展环境。<br/><br/>王晋则认为，阿富汗无论哪方掌权，都是阿富汗民众的意愿和民心所决定的，是阿富汗人民的选择，国际社会也都尊重这样的选择。阿富汗塔利班未来会面临很多挑战，但相信其能够把这些挑战都处理好。<br/></p>\"',NULL);

/*!40101 SET SQL_MODE=@OLD_SQL_MODE */;
/*!40014 SET FOREIGN_KEY_CHECKS=@OLD_FOREIGN_KEY_CHECKS */;
/*!40014 SET UNIQUE_CHECKS=@OLD_UNIQUE_CHECKS */;
/*!40111 SET SQL_NOTES=@OLD_SQL_NOTES */;
